Unnamed: 0,Provincia,Tipo de Usuario,AÃ±o,Consumo de Gas,activity_name,activity_value,activity_unit,gpc_reference_number
1,BUENOS AIRES,CENTRALES ELECTRICAS,2018,"2242951,29",Gas Consumption,"2242951,29",cubic meters,I.4.1
2,BUENOS AIRES,COMERCIALES,2018,"431811,77330907",Gas Consumption,"431811,77330907",cubic meters,I.2.1
3,BUENOS AIRES,RESIDENCIALES,2018,3770721,Gas Consumption,3770721,cubic meters,I.1.1
4,BUENOS AIRES,ENTES OFICIALES,2018,153723,Gas Consumption,153723,cubic meters,I.2.1
5,BUENOS AIRES,GNC,2018,1048265,Gas Consumption,1048265,cubic meters,II.1.1
6,BUENOS AIRES,INDUSTRIALES,2018,"4861262,16",Gas Consumption,"4861262,16",cubic meters,I.3.1
7,BUENOS AIRES,SDB,2018,270565,Gas Consumption,270565,cubic meters,I.6.1
8,CAPITAL FEDERAL,CENTRALES ELECTRICAS,2018,2796434,Gas Consumption,2796434,cubic meters,I.4.1
9,CAPITAL FEDERAL,COMERCIALES,2018,126666,Gas Consumption,126666,cubic meters,I.2.1
10,CAPITAL FEDERAL,RESIDENCIALES,2018,955279,Gas Consumption,955279,cubic meters,I.1.1
11,CAPITAL FEDERAL,ENTES OFICIALES,2018,43021,Gas Consumption,43021,cubic meters,I.2.1
12,CAPITAL FEDERAL,GNC,2018,176314,Gas Consumption,176314,cubic meters,II.1.1
13,CAPITAL FEDERAL,INDUSTRIALES,2018,66953,Gas Consumption,66953,cubic meters,I.3.1
14,CATAMARCA,COMERCIALES,2018,3108,Gas Consumption,3108,cubic meters,I.2.1
15,CATAMARCA,RESIDENCIALES,2018,14154,Gas Consumption,14154,cubic meters,I.1.1
16,CATAMARCA,ENTES OFICIALES,2018,299,Gas Consumption,299,cubic meters,I.2.1
17,CATAMARCA,GNC,2018,15335,Gas Consumption,15335,cubic meters,II.1.1
18,CATAMARCA,INDUSTRIALES,2018,85007,Gas Consumption,85007,cubic meters,I.3.1
19,CHUBUT,CENTRALES ELECTRICAS,2018,190165,Gas Consumption,190165,cubic meters,I.4.1
20,CHUBUT,COMERCIALES,2018,88637,Gas Consumption,88637,cubic meters,I.2.1
21,CHUBUT,RESIDENCIALES,2018,631630,Gas Consumption,631630,cubic meters,I.1.1
22,CHUBUT,ENTES OFICIALES,2018,40882,Gas Consumption,40882,cubic meters,I.2.1
23,CHUBUT,GNC,2018,1459,Gas Consumption,1459,cubic meters,II.1.1
24,CHUBUT,INDUSTRIALES,2018,566667,Gas Consumption,566667,cubic meters,I.3.1
25,CORDOBA,CENTRALES ELECTRICAS,2018,678800,Gas Consumption,678800,cubic meters,I.4.1
26,CORDOBA,COMERCIALES,2018,86870,Gas Consumption,86870,cubic meters,I.2.1
27,CORDOBA,RESIDENCIALES,2018,570567,Gas Consumption,570567,cubic meters,I.1.1
28,CORDOBA,ENTES OFICIALES,2018,13058,Gas Consumption,13058,cubic meters,I.2.1
29,CORDOBA,GNC,2018,371041,Gas Consumption,371041,cubic meters,II.1.1
30,CORDOBA,INDUSTRIALES,2018,503290,Gas Consumption,503290,cubic meters,I.3.1
31,CORDOBA,SDB,2018,73703,Gas Consumption,73703,cubic meters,I.6.1
32,CORRIENTES,COMERCIALES,2018,"2,27",Gas Consumption,"2,27",cubic meters,I.2.1
33,CORRIENTES,RESIDENCIALES,2018,"0,08",Gas Consumption,"0,08",cubic meters,I.1.1
35,CORRIENTES,GNC,2018,441,Gas Consumption,441,cubic meters,II.1.1
37,ENTRE RIOS,COMERCIALES,2018,21845,Gas Consumption,21845,cubic meters,I.2.1
38,ENTRE RIOS,RESIDENCIALES,2018,91434,Gas Consumption,91434,cubic meters,I.1.1
39,ENTRE RIOS,ENTES OFICIALES,2018,1457,Gas Consumption,1457,cubic meters,I.2.1
40,ENTRE RIOS,GNC,2018,42888,Gas Consumption,42888,cubic meters,II.1.1
41,ENTRE RIOS,INDUSTRIALES,2018,115190,Gas Consumption,115190,cubic meters,I.3.1
42,JUJUY,CENTRALES ELECTRICAS,2018,74029,Gas Consumption,74029,cubic meters,I.4.1
43,JUJUY,COMERCIALES,2018,"8801,103",Gas Consumption,"8801,103",cubic meters,I.2.1
44,JUJUY,RESIDENCIALES,2018,48781,Gas Consumption,48781,cubic meters,I.1.1
45,JUJUY,ENTES OFICIALES,2018,"2226,678",Gas Consumption,"2226,678",cubic meters,I.2.1
46,JUJUY,GNC,2018,45030,Gas Consumption,45030,cubic meters,II.1.1
47,JUJUY,INDUSTRIALES,2018,"151259,897",Gas Consumption,"151259,897",cubic meters,I.3.1
48,JUJUY,SDB,2018,5600,Gas Consumption,5600,cubic meters,I.6.1
49,LA PAMPA,COMERCIALES,2018,20040,Gas Consumption,20040,cubic meters,I.2.1
50,LA PAMPA,RESIDENCIALES,2018,232122,Gas Consumption,232122,cubic meters,I.1.1
51,LA PAMPA,ENTES OFICIALES,2018,13918,Gas Consumption,13918,cubic meters,I.2.1
52,LA PAMPA,GNC,2018,8881,Gas Consumption,8881,cubic meters,II.1.1
53,LA PAMPA,INDUSTRIALES,2018,31398,Gas Consumption,31398,cubic meters,I.3.1
54,LA RIOJA,CENTRALES ELECTRICAS,2018,7539,Gas Consumption,7539,cubic meters,I.4.1
55,LA RIOJA,COMERCIALES,2018,2246,Gas Consumption,2246,cubic meters,I.2.1
56,LA RIOJA,RESIDENCIALES,2018,10870,Gas Consumption,10870,cubic meters,I.1.1
57,LA RIOJA,ENTES OFICIALES,2018,370,Gas Consumption,370,cubic meters,I.2.1
58,LA RIOJA,GNC,2018,6146,Gas Consumption,6146,cubic meters,II.1.1
59,LA RIOJA,INDUSTRIALES,2018,12646,Gas Consumption,12646,cubic meters,I.3.1
60,LA RIOJA,SDB,2018,52,Gas Consumption,52,cubic meters,I.6.1
61,MENDOZA,CENTRALES ELECTRICAS,2018,727496,Gas Consumption,727496,cubic meters,I.4.1
62,MENDOZA,COMERCIALES,2018,44982,Gas Consumption,44982,cubic meters,I.2.1
63,MENDOZA,RESIDENCIALES,2018,431945,Gas Consumption,431945,cubic meters,I.1.1
64,MENDOZA,ENTES OFICIALES,2018,14133,Gas Consumption,14133,cubic meters,I.2.1
65,MENDOZA,GNC,2018,146326,Gas Consumption,146326,cubic meters,II.1.1
66,MENDOZA,INDUSTRIALES,2018,416945,Gas Consumption,416945,cubic meters,I.3.1
67,MENDOZA,SDB,2018,40290,Gas Consumption,40290,cubic meters,I.6.1
68,NEUQUEN,CENTRALES ELECTRICAS,2018,11271,Gas Consumption,11271,cubic meters,I.4.1
69,NEUQUEN,COMERCIALES,2018,77244,Gas Consumption,77244,cubic meters,I.2.1
70,NEUQUEN,RESIDENCIALES,2018,603793,Gas Consumption,603793,cubic meters,I.1.1
71,NEUQUEN,ENTES OFICIALES,2018,34874,Gas Consumption,34874,cubic meters,I.2.1
72,NEUQUEN,GNC,2018,9645,Gas Consumption,9645,cubic meters,II.1.1
73,NEUQUEN,INDUSTRIALES,2018,46525,Gas Consumption,46525,cubic meters,I.3.1
74,NEUQUEN,SDB,2018,3305,Gas Consumption,3305,cubic meters,I.6.1
75,RIO NEGRO,CENTRALES ELECTRICAS,2018,5409,Gas Consumption,5409,cubic meters,I.4.1
76,RIO NEGRO,COMERCIALES,2018,108181,Gas Consumption,108181,cubic meters,I.2.1
77,RIO NEGRO,RESIDENCIALES,2018,646902,Gas Consumption,646902,cubic meters,I.1.1
78,RIO NEGRO,ENTES OFICIALES,2018,34717,Gas Consumption,34717,cubic meters,I.2.1
79,RIO NEGRO,GNC,2018,16969,Gas Consumption,16969,cubic meters,II.1.1
80,RIO NEGRO,INDUSTRIALES,2018,142910,Gas Consumption,142910,cubic meters,I.3.1
81,SALTA,CENTRALES ELECTRICAS,2018,469775,Gas Consumption,469775,cubic meters,I.4.1
82,SALTA,COMERCIALES,2018,"18080,982",Gas Consumption,"18080,982",cubic meters,I.2.1
83,SALTA,RESIDENCIALES,2018,109588,Gas Consumption,109588,cubic meters,I.1.1
84,SALTA,ENTES OFICIALES,2018,"4036,411",Gas Consumption,"4036,411",cubic meters,I.2.1
85,SALTA,GNC,2018,71405,Gas Consumption,71405,cubic meters,II.1.1
86,SALTA,INDUSTRIALES,2018,"111778,333",Gas Consumption,"111778,333",cubic meters,I.3.1
87,SAN JUAN,CENTRALES ELECTRICAS,2018,5240,Gas Consumption,5240,cubic meters,I.4.1
88,SAN JUAN,COMERCIALES,2018,10484,Gas Consumption,10484,cubic meters,I.2.1
89,SAN JUAN,RESIDENCIALES,2018,97373,Gas Consumption,97373,cubic meters,I.1.1
90,SAN JUAN,ENTES OFICIALES,2018,2078,Gas Consumption,2078,cubic meters,I.2.1
91,SAN JUAN,GNC,2018,48199,Gas Consumption,48199,cubic meters,II.1.1
92,SAN JUAN,INDUSTRIALES,2018,161927,Gas Consumption,161927,cubic meters,I.3.1
93,SAN JUAN,SDB,2018,3771,Gas Consumption,3771,cubic meters,I.6.1
94,SAN LUIS,COMERCIALES,2018,24935,Gas Consumption,24935,cubic meters,I.2.1
95,SAN LUIS,RESIDENCIALES,2018,87614,Gas Consumption,87614,cubic meters,I.1.1
96,SAN LUIS,ENTES OFICIALES,2018,3149,Gas Consumption,3149,cubic meters,I.2.1
97,SAN LUIS,GNC,2018,43576,Gas Consumption,43576,cubic meters,II.1.1
98,SAN LUIS,INDUSTRIALES,2018,95833,Gas Consumption,95833,cubic meters,I.3.1
99,SAN LUIS,SDB,2018,28128,Gas Consumption,28128,cubic meters,I.6.1
100,SANTA CRUZ,CENTRALES ELECTRICAS,2018,16966,Gas Consumption,16966,cubic meters,I.4.1
101,SANTA CRUZ,COMERCIALES,2018,40823,Gas Consumption,40823,cubic meters,I.2.1
102,SANTA CRUZ,RESIDENCIALES,2018,332765,Gas Consumption,332765,cubic meters,I.1.1
103,SANTA CRUZ,ENTES OFICIALES,2018,28543,Gas Consumption,28543,cubic meters,I.2.1
104,SANTA CRUZ,INDUSTRIALES,2018,2070,Gas Consumption,2070,cubic meters,I.3.1
105,SANTA CRUZ,SDB,2018,157251,Gas Consumption,157251,cubic meters,I.6.1
106,SANTA FE,CENTRALES ELECTRICAS,2018,10048,Gas Consumption,10048,cubic meters,I.4.1
107,SANTA FE,COMERCIALES,2018,42735,Gas Consumption,42735,cubic meters,I.2.1
108,SANTA FE,RESIDENCIALES,2018,"473648,686972553",Gas Consumption,"473648,686972553",cubic meters,I.1.1
109,SANTA FE,ENTES OFICIALES,2018,5123,Gas Consumption,5123,cubic meters,I.2.1
110,SANTA FE,GNC,2018,199221,Gas Consumption,199221,cubic meters,II.1.1
111,SANTA FE,INDUSTRIALES,2018,1852193,Gas Consumption,1852193,cubic meters,I.3.1
112,SANTA FE,SDB,2018,"120055,81",Gas Consumption,"120055,81",cubic meters,I.6.1
113,SANTIAGO DEL ESTERO,CENTRALES ELECTRICAS,2018,51658,Gas Consumption,51658,cubic meters,I.4.1
114,SANTIAGO DEL ESTERO,COMERCIALES,2018,8132,Gas Consumption,8132,cubic meters,I.2.1
115,SANTIAGO DEL ESTERO,RESIDENCIALES,2018,31343,Gas Consumption,31343,cubic meters,I.1.1
116,SANTIAGO DEL ESTERO,ENTES OFICIALES,2018,"1157,363",Gas Consumption,"1157,363",cubic meters,I.2.1
117,SANTIAGO DEL ESTERO,GNC,2018,40678,Gas Consumption,40678,cubic meters,II.1.1
118,SANTIAGO DEL ESTERO,INDUSTRIALES,2018,"23953,99",Gas Consumption,"23953,99",cubic meters,I.3.1
119,TIERRA DEL FUEGO,CENTRALES ELECTRICAS,2018,169895,Gas Consumption,169895,cubic meters,I.4.1
120,TIERRA DEL FUEGO,COMERCIALES,2018,72579,Gas Consumption,72579,cubic meters,I.2.1
121,TIERRA DEL FUEGO,RESIDENCIALES,2018,314351,Gas Consumption,314351,cubic meters,I.1.1
122,TIERRA DEL FUEGO,ENTES OFICIALES,2018,32605,Gas Consumption,32605,cubic meters,I.2.1
123,TIERRA DEL FUEGO,GNC,2018,653,Gas Consumption,653,cubic meters,II.1.1
124,TIERRA DEL FUEGO,INDUSTRIALES,2018,19824,Gas Consumption,19824,cubic meters,I.3.1
125,TUCUMAN,CENTRALES ELECTRICAS,2018,232209,Gas Consumption,232209,cubic meters,I.4.1
126,TUCUMAN,COMERCIALES,2018,"20193,315",Gas Consumption,"20193,315",cubic meters,I.2.1
127,TUCUMAN,RESIDENCIALES,2018,114322,Gas Consumption,114322,cubic meters,I.1.1
128,TUCUMAN,ENTES OFICIALES,2018,"2018,27",Gas Consumption,"2018,27",cubic meters,I.2.1
129,TUCUMAN,GNC,2018,107396,Gas Consumption,107396,cubic meters,II.1.1
130,TUCUMAN,INDUSTRIALES,2018,"312958,833",Gas Consumption,"312958,833",cubic meters,I.3.1
131,BUENOS AIRES,CENTRALES ELECTRICAS,2019,"1808487,276",Gas Consumption,"1808487,276",cubic meters,I.4.1
132,BUENOS AIRES,COMERCIALES,2019,"530573,566",Gas Consumption,"530573,566",cubic meters,I.2.1
133,BUENOS AIRES,RESIDENCIALES,2019,"3559109,63",Gas Consumption,"3559109,63",cubic meters,I.1.1
134,BUENOS AIRES,ENTES OFICIALES,2019,"137582,24",Gas Consumption,"137582,24",cubic meters,I.2.1
135,BUENOS AIRES,GNC,2019,"1097104,17",Gas Consumption,"1097104,17",cubic meters,II.1.1
136,BUENOS AIRES,INDUSTRIALES,2019,"5328140,42",Gas Consumption,"5328140,42",cubic meters,I.3.1
137,BUENOS AIRES,SDB,2019,"261761,68",Gas Consumption,"261761,68",cubic meters,I.6.1
138,CAPITAL FEDERAL,CENTRALES ELECTRICAS,2019,2711292,Gas Consumption,2711292,cubic meters,I.4.1
139,CAPITAL FEDERAL,COMERCIALES,2019,173629,Gas Consumption,173629,cubic meters,I.2.1
140,CAPITAL FEDERAL,RESIDENCIALES,2019,922194,Gas Consumption,922194,cubic meters,I.1.1
141,CAPITAL FEDERAL,ENTES OFICIALES,2019,47270,Gas Consumption,47270,cubic meters,I.2.1
142,CAPITAL FEDERAL,GNC,2019,181485,Gas Consumption,181485,cubic meters,II.1.1
143,CAPITAL FEDERAL,INDUSTRIALES,2019,65420,Gas Consumption,65420,cubic meters,I.3.1
144,CATAMARCA,COMERCIALES,2019,2923,Gas Consumption,2923,cubic meters,I.2.1
145,CATAMARCA,RESIDENCIALES,2019,12301,Gas Consumption,12301,cubic meters,I.1.1
146,CATAMARCA,ENTES OFICIALES,2019,323,Gas Consumption,323,cubic meters,I.2.1
147,CATAMARCA,GNC,2019,16191,Gas Consumption,16191,cubic meters,II.1.1
148,CATAMARCA,INDUSTRIALES,2019,77281,Gas Consumption,77281,cubic meters,I.3.1
149,CHUBUT,CENTRALES ELECTRICAS,2019,151218,Gas Consumption,151218,cubic meters,I.4.1
150,CHUBUT,COMERCIALES,2019,85123,Gas Consumption,85123,cubic meters,I.2.1
151,CHUBUT,RESIDENCIALES,2019,624799,Gas Consumption,624799,cubic meters,I.1.1
152,CHUBUT,ENTES OFICIALES,2019,40753,Gas Consumption,40753,cubic meters,I.2.1
153,CHUBUT,GNC,2019,1489,Gas Consumption,1489,cubic meters,II.1.1
154,CHUBUT,INDUSTRIALES,2019,672493,Gas Consumption,672493,cubic meters,I.3.1
155,CORDOBA,CENTRALES ELECTRICAS,2019,477737,Gas Consumption,477737,cubic meters,I.4.1
156,CORDOBA,COMERCIALES,2019,80403,Gas Consumption,80403,cubic meters,I.2.1
157,CORDOBA,RESIDENCIALES,2019,539413,Gas Consumption,539413,cubic meters,I.1.1
158,CORDOBA,ENTES OFICIALES,2019,16025,Gas Consumption,16025,cubic meters,I.2.1
159,CORDOBA,GNC,2019,385326,Gas Consumption,385326,cubic meters,II.1.1
160,CORDOBA,INDUSTRIALES,2019,475230,Gas Consumption,475230,cubic meters,I.3.1
161,CORDOBA,SDB,2019,69405,Gas Consumption,69405,cubic meters,I.6.1
162,CORRIENTES,COMERCIALES,2019,8,Gas Consumption,8,cubic meters,I.2.1
163,CORRIENTES,RESIDENCIALES,2019,0,Gas Consumption,0,cubic meters,I.1.1
164,CORRIENTES,ENTES OFICIALES,2019,0,Gas Consumption,0,cubic meters,I.2.1
165,CORRIENTES,GNC,2019,558,Gas Consumption,558,cubic meters,II.1.1
167,ENTRE RIOS,COMERCIALES,2019,20449,Gas Consumption,20449,cubic meters,I.2.1
168,ENTRE RIOS,RESIDENCIALES,2019,80513,Gas Consumption,80513,cubic meters,I.1.1
169,ENTRE RIOS,ENTES OFICIALES,2019,1699,Gas Consumption,1699,cubic meters,I.2.1
170,ENTRE RIOS,GNC,2019,44310,Gas Consumption,44310,cubic meters,II.1.1
171,ENTRE RIOS,INDUSTRIALES,2019,117792,Gas Consumption,117792,cubic meters,I.3.1
172,JUJUY,CENTRALES ELECTRICAS,2019,49329,Gas Consumption,49329,cubic meters,I.4.1
173,JUJUY,COMERCIALES,2019,"8337,55",Gas Consumption,"8337,55",cubic meters,I.2.1
174,JUJUY,RESIDENCIALES,2019,47743,Gas Consumption,47743,cubic meters,I.1.1
175,JUJUY,ENTES OFICIALES,2019,"2099,501",Gas Consumption,"2099,501",cubic meters,I.2.1
176,JUJUY,GNC,2019,46524,Gas Consumption,46524,cubic meters,II.1.1
177,JUJUY,INDUSTRIALES,2019,"113961,123",Gas Consumption,"113961,123",cubic meters,I.3.1
178,JUJUY,SDB,2019,4571,Gas Consumption,4571,cubic meters,I.6.1
179,LA PAMPA,COMERCIALES,2019,18757,Gas Consumption,18757,cubic meters,I.2.1
180,LA PAMPA,RESIDENCIALES,2019,229982,Gas Consumption,229982,cubic meters,I.1.1
181,LA PAMPA,ENTES OFICIALES,2019,14081,Gas Consumption,14081,cubic meters,I.2.1
182,LA PAMPA,GNC,2019,8717,Gas Consumption,8717,cubic meters,II.1.1
183,LA PAMPA,INDUSTRIALES,2019,30557,Gas Consumption,30557,cubic meters,I.3.1
184,LA RIOJA,CENTRALES ELECTRICAS,2019,15911,Gas Consumption,15911,cubic meters,I.4.1
185,LA RIOJA,COMERCIALES,2019,2083,Gas Consumption,2083,cubic meters,I.2.1
186,LA RIOJA,RESIDENCIALES,2019,8967,Gas Consumption,8967,cubic meters,I.1.1
187,LA RIOJA,ENTES OFICIALES,2019,366,Gas Consumption,366,cubic meters,I.2.1
188,LA RIOJA,GNC,2019,6177,Gas Consumption,6177,cubic meters,II.1.1
189,LA RIOJA,INDUSTRIALES,2019,13097,Gas Consumption,13097,cubic meters,I.3.1
190,LA RIOJA,SDB,2019,0,Gas Consumption,0,cubic meters,I.6.1
191,MENDOZA,CENTRALES ELECTRICAS,2019,739760,Gas Consumption,739760,cubic meters,I.4.1
192,MENDOZA,COMERCIALES,2019,42132,Gas Consumption,42132,cubic meters,I.2.1
193,MENDOZA,RESIDENCIALES,2019,411870,Gas Consumption,411870,cubic meters,I.1.1
194,MENDOZA,ENTES OFICIALES,2019,18654,Gas Consumption,18654,cubic meters,I.2.1
195,MENDOZA,GNC,2019,147473,Gas Consumption,147473,cubic meters,II.1.1
196,MENDOZA,INDUSTRIALES,2019,412533,Gas Consumption,412533,cubic meters,I.3.1
197,MENDOZA,SDB,2019,30774,Gas Consumption,30774,cubic meters,I.6.1
198,NEUQUEN,CENTRALES ELECTRICAS,2019,12288,Gas Consumption,12288,cubic meters,I.4.1
199,NEUQUEN,COMERCIALES,2019,76217,Gas Consumption,76217,cubic meters,I.2.1
200,NEUQUEN,RESIDENCIALES,2019,567611,Gas Consumption,567611,cubic meters,I.1.1
201,NEUQUEN,ENTES OFICIALES,2019,34922,Gas Consumption,34922,cubic meters,I.2.1
202,NEUQUEN,GNC,2019,9140,Gas Consumption,9140,cubic meters,II.1.1
203,NEUQUEN,INDUSTRIALES,2019,236684,Gas Consumption,236684,cubic meters,I.3.1
204,NEUQUEN,SDB,2019,3363,Gas Consumption,3363,cubic meters,I.6.1
205,RIO NEGRO,CENTRALES ELECTRICAS,2019,6750,Gas Consumption,6750,cubic meters,I.4.1
206,RIO NEGRO,COMERCIALES,2019,102555,Gas Consumption,102555,cubic meters,I.2.1
207,RIO NEGRO,RESIDENCIALES,2019,609720,Gas Consumption,609720,cubic meters,I.1.1
208,RIO NEGRO,ENTES OFICIALES,2019,35625,Gas Consumption,35625,cubic meters,I.2.1
209,RIO NEGRO,GNC,2019,15423,Gas Consumption,15423,cubic meters,II.1.1
210,RIO NEGRO,INDUSTRIALES,2019,147574,Gas Consumption,147574,cubic meters,I.3.1
211,SALTA,CENTRALES ELECTRICAS,2019,223427,Gas Consumption,223427,cubic meters,I.4.1
212,SALTA,COMERCIALES,2019,"17148,137",Gas Consumption,"17148,137",cubic meters,I.2.1
213,SALTA,RESIDENCIALES,2019,107020,Gas Consumption,107020,cubic meters,I.1.1
214,SALTA,ENTES OFICIALES,2019,"4013,712",Gas Consumption,"4013,712",cubic meters,I.2.1
215,SALTA,GNC,2019,73394,Gas Consumption,73394,cubic meters,II.1.1
216,SALTA,INDUSTRIALES,2019,"105565,782",Gas Consumption,"105565,782",cubic meters,I.3.1
217,SAN JUAN,CENTRALES ELECTRICAS,2019,12803,Gas Consumption,12803,cubic meters,I.4.1
218,SAN JUAN,COMERCIALES,2019,9774,Gas Consumption,9774,cubic meters,I.2.1
219,SAN JUAN,RESIDENCIALES,2019,94224,Gas Consumption,94224,cubic meters,I.1.1
220,SAN JUAN,ENTES OFICIALES,2019,2708,Gas Consumption,2708,cubic meters,I.2.1
221,SAN JUAN,GNC,2019,48722,Gas Consumption,48722,cubic meters,II.1.1
222,SAN JUAN,INDUSTRIALES,2019,160799,Gas Consumption,160799,cubic meters,I.3.1
223,SAN JUAN,SDB,2019,3657,Gas Consumption,3657,cubic meters,I.6.1
224,SAN LUIS,COMERCIALES,2019,23440,Gas Consumption,23440,cubic meters,I.2.1
225,SAN LUIS,RESIDENCIALES,2019,80513,Gas Consumption,80513,cubic meters,I.1.1
226,SAN LUIS,ENTES OFICIALES,2019,4255,Gas Consumption,4255,cubic meters,I.2.1
227,SAN LUIS,GNC,2019,45048,Gas Consumption,45048,cubic meters,II.1.1
228,SAN LUIS,INDUSTRIALES,2019,92718,Gas Consumption,92718,cubic meters,I.3.1
229,SAN LUIS,SDB,2019,22082,Gas Consumption,22082,cubic meters,I.6.1
230,SANTA CRUZ,CENTRALES ELECTRICAS,2019,11333,Gas Consumption,11333,cubic meters,I.4.1
231,SANTA CRUZ,COMERCIALES,2019,37156,Gas Consumption,37156,cubic meters,I.2.1
232,SANTA CRUZ,RESIDENCIALES,2019,319308,Gas Consumption,319308,cubic meters,I.1.1
233,SANTA CRUZ,ENTES OFICIALES,2019,28352,Gas Consumption,28352,cubic meters,I.2.1
234,SANTA CRUZ,INDUSTRIALES,2019,1557,Gas Consumption,1557,cubic meters,I.3.1
235,SANTA CRUZ,SDB,2019,155855,Gas Consumption,155855,cubic meters,I.6.1
236,SANTA FE,CENTRALES ELECTRICAS,2019,"2639,79",Gas Consumption,"2639,79",cubic meters,I.4.1
237,SANTA FE,COMERCIALES,2019,"127673,854",Gas Consumption,"127673,854",cubic meters,I.2.1
238,SANTA FE,RESIDENCIALES,2019,"461104,78",Gas Consumption,"461104,78",cubic meters,I.1.1
239,SANTA FE,ENTES OFICIALES,2019,"17367,2",Gas Consumption,"17367,2",cubic meters,I.2.1
240,SANTA FE,GNC,2019,"202044,85",Gas Consumption,"202044,85",cubic meters,II.1.1
241,SANTA FE,INDUSTRIALES,2019,"1591767,29",Gas Consumption,"1591767,29",cubic meters,I.3.1
242,SANTA FE,SDB,2019,"79569,08",Gas Consumption,"79569,08",cubic meters,I.6.1
243,SANTIAGO DEL ESTERO,CENTRALES ELECTRICAS,2019,20032,Gas Consumption,20032,cubic meters,I.4.1
244,SANTIAGO DEL ESTERO,COMERCIALES,2019,"8061,752",Gas Consumption,"8061,752",cubic meters,I.2.1
245,SANTIAGO DEL ESTERO,RESIDENCIALES,2019,31986,Gas Consumption,31986,cubic meters,I.1.1
246,SANTIAGO DEL ESTERO,ENTES OFICIALES,2019,"1077,244",Gas Consumption,"1077,244",cubic meters,I.2.1
247,SANTIAGO DEL ESTERO,GNC,2019,40799,Gas Consumption,40799,cubic meters,II.1.1
248,SANTIAGO DEL ESTERO,INDUSTRIALES,2019,"15465,555",Gas Consumption,"15465,555",cubic meters,I.3.1
249,TIERRA DEL FUEGO,CENTRALES ELECTRICAS,2019,171253,Gas Consumption,171253,cubic meters,I.4.1
250,TIERRA DEL FUEGO,COMERCIALES,2019,72806,Gas Consumption,72806,cubic meters,I.2.1
251,TIERRA DEL FUEGO,RESIDENCIALES,2019,376459,Gas Consumption,376459,cubic meters,I.1.1
252,TIERRA DEL FUEGO,ENTES OFICIALES,2019,33802,Gas Consumption,33802,cubic meters,I.2.1
253,TIERRA DEL FUEGO,GNC,2019,703,Gas Consumption,703,cubic meters,II.1.1
254,TIERRA DEL FUEGO,INDUSTRIALES,2019,17770,Gas Consumption,17770,cubic meters,I.3.1
255,TUCUMAN,CENTRALES ELECTRICAS,2019,121435,Gas Consumption,121435,cubic meters,I.4.1
256,TUCUMAN,COMERCIALES,2019,"18826,352",Gas Consumption,"18826,352",cubic meters,I.2.1
257,TUCUMAN,RESIDENCIALES,2019,109378,Gas Consumption,109378,cubic meters,I.1.1
258,TUCUMAN,ENTES OFICIALES,2019,"1899,506",Gas Consumption,"1899,506",cubic meters,I.2.1
259,TUCUMAN,GNC,2019,108995,Gas Consumption,108995,cubic meters,II.1.1
260,TUCUMAN,INDUSTRIALES,2019,"256476,275",Gas Consumption,"256476,275",cubic meters,I.3.1
261,BUENOS AIRES,CENTRALES ELECTRICAS,2020,"1531918,03",Gas Consumption,"1531918,03",cubic meters,I.4.1
262,BUENOS AIRES,COMERCIALES,2020,"407425,764",Gas Consumption,"407425,764",cubic meters,I.2.1
263,BUENOS AIRES,RESIDENCIALES,2020,"3781837,54",Gas Consumption,"3781837,54",cubic meters,I.1.1
264,BUENOS AIRES,ENTES OFICIALES,2020,"101700,85",Gas Consumption,"101700,85",cubic meters,I.2.1
265,BUENOS AIRES,GNC,2020,"821790,4",Gas Consumption,"821790,4",cubic meters,II.1.1
266,BUENOS AIRES,INDUSTRIALES,2020,"5747593,349",Gas Consumption,"5747593,349",cubic meters,I.3.1
267,BUENOS AIRES,SDB,2020,"260605,17",Gas Consumption,"260605,17",cubic meters,I.6.1
268,CAPITAL FEDERAL,CENTRALES ELECTRICAS,2020,2365369,Gas Consumption,2365369,cubic meters,I.4.1
269,CAPITAL FEDERAL,COMERCIALES,2020,96662,Gas Consumption,96662,cubic meters,I.2.1
270,CAPITAL FEDERAL,RESIDENCIALES,2020,939344,Gas Consumption,939344,cubic meters,I.1.1
271,CAPITAL FEDERAL,ENTES OFICIALES,2020,25062,Gas Consumption,25062,cubic meters,I.2.1
272,CAPITAL FEDERAL,GNC,2020,128039,Gas Consumption,128039,cubic meters,II.1.1
273,CAPITAL FEDERAL,INDUSTRIALES,2020,56104,Gas Consumption,56104,cubic meters,I.3.1
274,CATAMARCA,COMERCIALES,2020,2305,Gas Consumption,2305,cubic meters,I.2.1
275,CATAMARCA,RESIDENCIALES,2020,12212,Gas Consumption,12212,cubic meters,I.1.1
276,CATAMARCA,ENTES OFICIALES,2020,217,Gas Consumption,217,cubic meters,I.2.1
277,CATAMARCA,GNC,2020,12871,Gas Consumption,12871,cubic meters,II.1.1
278,CATAMARCA,INDUSTRIALES,2020,81101,Gas Consumption,81101,cubic meters,I.3.1
279,CHUBUT,CENTRALES ELECTRICAS,2020,140878,Gas Consumption,140878,cubic meters,I.4.1
280,CHUBUT,COMERCIALES,2020,57703,Gas Consumption,57703,cubic meters,I.2.1
281,CHUBUT,RESIDENCIALES,2020,647177,Gas Consumption,647177,cubic meters,I.1.1
282,CHUBUT,ENTES OFICIALES,2020,29259,Gas Consumption,29259,cubic meters,I.2.1
283,CHUBUT,GNC,2020,1131,Gas Consumption,1131,cubic meters,II.1.1
284,CHUBUT,INDUSTRIALES,2020,719504,Gas Consumption,719504,cubic meters,I.3.1
285,CORDOBA,CENTRALES ELECTRICAS,2020,402721,Gas Consumption,402721,cubic meters,I.4.1
286,CORDOBA,COMERCIALES,2020,60715,Gas Consumption,60715,cubic meters,I.2.1
287,CORDOBA,RESIDENCIALES,2020,563578,Gas Consumption,563578,cubic meters,I.1.1
288,CORDOBA,ENTES OFICIALES,2020,10641,Gas Consumption,10641,cubic meters,I.2.1
289,CORDOBA,GNC,2020,293435,Gas Consumption,293435,cubic meters,II.1.1
290,CORDOBA,INDUSTRIALES,2020,476449,Gas Consumption,476449,cubic meters,I.3.1
291,CORDOBA,SDB,2020,68716,Gas Consumption,68716,cubic meters,I.6.1
292,CORRIENTES,COMERCIALES,2020,58,Gas Consumption,58,cubic meters,I.2.1
293,CORRIENTES,RESIDENCIALES,2020,0,Gas Consumption,0,cubic meters,I.1.1
295,CORRIENTES,GNC,2020,351,Gas Consumption,351,cubic meters,II.1.1
296,CORRIENTES,INDUSTRIALES,2020,792,Gas Consumption,792,cubic meters,I.3.1
297,ENTRE RIOS,COMERCIALES,2020,13579,Gas Consumption,13579,cubic meters,I.2.1
298,ENTRE RIOS,RESIDENCIALES,2020,85189,Gas Consumption,85189,cubic meters,I.1.1
299,ENTRE RIOS,ENTES OFICIALES,2020,1543,Gas Consumption,1543,cubic meters,I.2.1
300,ENTRE RIOS,GNC,2020,33384,Gas Consumption,33384,cubic meters,II.1.1
301,ENTRE RIOS,INDUSTRIALES,2020,113983,Gas Consumption,113983,cubic meters,I.3.1
302,JUJUY,CENTRALES ELECTRICAS,2020,33583,Gas Consumption,33583,cubic meters,I.4.1
303,JUJUY,COMERCIALES,2020,6386,Gas Consumption,6386,cubic meters,I.2.1
304,JUJUY,RESIDENCIALES,2020,48706,Gas Consumption,48706,cubic meters,I.1.1
305,JUJUY,ENTES OFICIALES,2020,1628,Gas Consumption,1628,cubic meters,I.2.1
306,JUJUY,GNC,2020,34310,Gas Consumption,34310,cubic meters,II.1.1
307,JUJUY,INDUSTRIALES,2020,109038,Gas Consumption,109038,cubic meters,I.3.1
308,JUJUY,SDB,2020,4541,Gas Consumption,4541,cubic meters,I.6.1
309,LA PAMPA,COMERCIALES,2020,15723,Gas Consumption,15723,cubic meters,I.2.1
310,LA PAMPA,RESIDENCIALES,2020,251860,Gas Consumption,251860,cubic meters,I.1.1
311,LA PAMPA,ENTES OFICIALES,2020,10987,Gas Consumption,10987,cubic meters,I.2.1
312,LA PAMPA,GNC,2020,6296,Gas Consumption,6296,cubic meters,II.1.1
313,LA PAMPA,INDUSTRIALES,2020,28900,Gas Consumption,28900,cubic meters,I.3.1
314,LA RIOJA,CENTRALES ELECTRICAS,2020,9557,Gas Consumption,9557,cubic meters,I.4.1
315,LA RIOJA,COMERCIALES,2020,1677,Gas Consumption,1677,cubic meters,I.2.1
316,LA RIOJA,RESIDENCIALES,2020,8726,Gas Consumption,8726,cubic meters,I.1.1
317,LA RIOJA,ENTES OFICIALES,2020,279,Gas Consumption,279,cubic meters,I.2.1
318,LA RIOJA,GNC,2020,3539,Gas Consumption,3539,cubic meters,II.1.1
319,LA RIOJA,INDUSTRIALES,2020,10073,Gas Consumption,10073,cubic meters,I.3.1
320,LA RIOJA,SDB,2020,0,Gas Consumption,0,cubic meters,I.6.1
321,MENDOZA,CENTRALES ELECTRICAS,2020,630306,Gas Consumption,630306,cubic meters,I.4.1
322,MENDOZA,COMERCIALES,2020,31651,Gas Consumption,31651,cubic meters,I.2.1
323,MENDOZA,RESIDENCIALES,2020,431840,Gas Consumption,431840,cubic meters,I.1.1
324,MENDOZA,ENTES OFICIALES,2020,11482,Gas Consumption,11482,cubic meters,I.2.1
325,MENDOZA,GNC,2020,111459,Gas Consumption,111459,cubic meters,II.1.1
326,MENDOZA,INDUSTRIALES,2020,406868,Gas Consumption,406868,cubic meters,I.3.1
327,MENDOZA,SDB,2020,33362,Gas Consumption,33362,cubic meters,I.6.1
328,NEUQUEN,CENTRALES ELECTRICAS,2020,10880,Gas Consumption,10880,cubic meters,I.4.1
329,NEUQUEN,COMERCIALES,2020,50232,Gas Consumption,50232,cubic meters,I.2.1
330,NEUQUEN,RESIDENCIALES,2020,575298,Gas Consumption,575298,cubic meters,I.1.1
331,NEUQUEN,ENTES OFICIALES,2020,22352,Gas Consumption,22352,cubic meters,I.2.1
332,NEUQUEN,GNC,2020,5758,Gas Consumption,5758,cubic meters,II.1.1
333,NEUQUEN,INDUSTRIALES,2020,267634,Gas Consumption,267634,cubic meters,I.3.1
334,NEUQUEN,SDB,2020,3378,Gas Consumption,3378,cubic meters,I.6.1
335,RIO NEGRO,CENTRALES ELECTRICAS,2020,6624,Gas Consumption,6624,cubic meters,I.4.1
336,RIO NEGRO,COMERCIALES,2020,64732,Gas Consumption,64732,cubic meters,I.2.1
337,RIO NEGRO,RESIDENCIALES,2020,658901,Gas Consumption,658901,cubic meters,I.1.1
338,RIO NEGRO,ENTES OFICIALES,2020,24932,Gas Consumption,24932,cubic meters,I.2.1
339,RIO NEGRO,GNC,2020,10735,Gas Consumption,10735,cubic meters,II.1.1
340,RIO NEGRO,INDUSTRIALES,2020,159363,Gas Consumption,159363,cubic meters,I.3.1
341,SALTA,CENTRALES ELECTRICAS,2020,112115,Gas Consumption,112115,cubic meters,I.4.1
342,SALTA,COMERCIALES,2020,9180,Gas Consumption,9180,cubic meters,I.2.1
343,SALTA,RESIDENCIALES,2020,113235,Gas Consumption,113235,cubic meters,I.1.1
344,SALTA,ENTES OFICIALES,2020,1661,Gas Consumption,1661,cubic meters,I.2.1
345,SALTA,GNC,2020,57435,Gas Consumption,57435,cubic meters,II.1.1
346,SALTA,INDUSTRIALES,2020,119865,Gas Consumption,119865,cubic meters,I.3.1
347,SAN JUAN,CENTRALES ELECTRICAS,2020,13144,Gas Consumption,13144,cubic meters,I.4.1
348,SAN JUAN,COMERCIALES,2020,8212,Gas Consumption,8212,cubic meters,I.2.1
349,SAN JUAN,RESIDENCIALES,2020,97561,Gas Consumption,97561,cubic meters,I.1.1
350,SAN JUAN,ENTES OFICIALES,2020,1918,Gas Consumption,1918,cubic meters,I.2.1
351,SAN JUAN,GNC,2020,39553,Gas Consumption,39553,cubic meters,II.1.1
352,SAN JUAN,INDUSTRIALES,2020,132475,Gas Consumption,132475,cubic meters,I.3.1
353,SAN JUAN,SDB,2020,4262,Gas Consumption,4262,cubic meters,I.6.1
354,SAN LUIS,COMERCIALES,2020,18209,Gas Consumption,18209,cubic meters,I.2.1
355,SAN LUIS,RESIDENCIALES,2020,80096,Gas Consumption,80096,cubic meters,I.1.1
356,SAN LUIS,ENTES OFICIALES,2020,2935,Gas Consumption,2935,cubic meters,I.2.1
357,SAN LUIS,GNC,2020,35152,Gas Consumption,35152,cubic meters,II.1.1
358,SAN LUIS,INDUSTRIALES,2020,80690,Gas Consumption,80690,cubic meters,I.3.1
359,SAN LUIS,SDB,2020,23586,Gas Consumption,23586,cubic meters,I.6.1
360,SANTA CRUZ,CENTRALES ELECTRICAS,2020,17050,Gas Consumption,17050,cubic meters,I.4.1
361,SANTA CRUZ,COMERCIALES,2020,30177,Gas Consumption,30177,cubic meters,I.2.1
362,SANTA CRUZ,RESIDENCIALES,2020,333791,Gas Consumption,333791,cubic meters,I.1.1
363,SANTA CRUZ,ENTES OFICIALES,2020,23906,Gas Consumption,23906,cubic meters,I.2.1
364,SANTA CRUZ,INDUSTRIALES,2020,1320,Gas Consumption,1320,cubic meters,I.3.1
365,SANTA CRUZ,SDB,2020,157744,Gas Consumption,157744,cubic meters,I.6.1
366,SANTA FE,CENTRALES ELECTRICAS,2020,"2982,14",Gas Consumption,"2982,14",cubic meters,I.4.1
367,SANTA FE,COMERCIALES,2020,"123842,344",Gas Consumption,"123842,344",cubic meters,I.2.1
368,SANTA FE,RESIDENCIALES,2020,487901,Gas Consumption,487901,cubic meters,I.1.1
369,SANTA FE,ENTES OFICIALES,2020,"11093,1",Gas Consumption,"11093,1",cubic meters,I.2.1
370,SANTA FE,GNC,2020,"155113,77",Gas Consumption,"155113,77",cubic meters,II.1.1
371,SANTA FE,INDUSTRIALES,2020,"1311083,491",Gas Consumption,"1311083,491",cubic meters,I.3.1
372,SANTA FE,SDB,2020,"81470,3",Gas Consumption,"81470,3",cubic meters,I.6.1
373,SANTIAGO DEL ESTERO,CENTRALES ELECTRICAS,2020,6186,Gas Consumption,6186,cubic meters,I.4.1
374,SANTIAGO DEL ESTERO,COMERCIALES,2020,5265,Gas Consumption,5265,cubic meters,I.2.1
375,SANTIAGO DEL ESTERO,RESIDENCIALES,2020,31535,Gas Consumption,31535,cubic meters,I.1.1
376,SANTIAGO DEL ESTERO,ENTES OFICIALES,2020,815,Gas Consumption,815,cubic meters,I.2.1
377,SANTIAGO DEL ESTERO,GNC,2020,27541,Gas Consumption,27541,cubic meters,II.1.1
378,SANTIAGO DEL ESTERO,INDUSTRIALES,2020,11561,Gas Consumption,11561,cubic meters,I.3.1
379,TIERRA DEL FUEGO,CENTRALES ELECTRICAS,2020,178308,Gas Consumption,178308,cubic meters,I.4.1
380,TIERRA DEL FUEGO,COMERCIALES,2020,63647,Gas Consumption,63647,cubic meters,I.2.1
381,TIERRA DEL FUEGO,RESIDENCIALES,2020,381328,Gas Consumption,381328,cubic meters,I.1.1
382,TIERRA DEL FUEGO,ENTES OFICIALES,2020,30645,Gas Consumption,30645,cubic meters,I.2.1
383,TIERRA DEL FUEGO,GNC,2020,617,Gas Consumption,617,cubic meters,II.1.1
384,TIERRA DEL FUEGO,INDUSTRIALES,2020,18327,Gas Consumption,18327,cubic meters,I.3.1
385,TUCUMAN,CENTRALES ELECTRICAS,2020,213350,Gas Consumption,213350,cubic meters,I.4.1
386,TUCUMAN,COMERCIALES,2020,14637,Gas Consumption,14637,cubic meters,I.2.1
387,TUCUMAN,RESIDENCIALES,2020,113493,Gas Consumption,113493,cubic meters,I.1.1
388,TUCUMAN,ENTES OFICIALES,2020,1460,Gas Consumption,1460,cubic meters,I.2.1
389,TUCUMAN,GNC,2020,89067,Gas Consumption,89067,cubic meters,II.1.1
390,TUCUMAN,INDUSTRIALES,2020,198322,Gas Consumption,198322,cubic meters,I.3.1
391,BUENOS AIRES,CENTRALES ELECTRICAS,2021,"1834514,85",Gas Consumption,"1834514,85",cubic meters,I.4.1
392,BUENOS AIRES,COMERCIALES,2021,"392443,13",Gas Consumption,"392443,13",cubic meters,I.2.1
393,BUENOS AIRES,RESIDENCIALES,2021,"3937973,21",Gas Consumption,"3937973,21",cubic meters,I.1.1
394,BUENOS AIRES,ENTES OFICIALES,2021,"123564,31",Gas Consumption,"123564,31",cubic meters,I.2.1
395,BUENOS AIRES,GNC,2021,"1046191,51",Gas Consumption,"1046191,51",cubic meters,II.1.1
396,BUENOS AIRES,INDUSTRIALES,2021,"4748535,27",Gas Consumption,"4748535,27",cubic meters,I.3.1
397,BUENOS AIRES,SDB,2021,"278374,21",Gas Consumption,"278374,21",cubic meters,I.6.1
398,CAPITAL FEDERAL,CENTRALES ELECTRICAS,2021,1984671,Gas Consumption,1984671,cubic meters,I.4.1
399,CAPITAL FEDERAL,COMERCIALES,2021,111866,Gas Consumption,111866,cubic meters,I.2.1
400,CAPITAL FEDERAL,RESIDENCIALES,2021,930666,Gas Consumption,930666,cubic meters,I.1.1
401,CAPITAL FEDERAL,ENTES OFICIALES,2021,35736,Gas Consumption,35736,cubic meters,I.2.1
402,CAPITAL FEDERAL,GNC,2021,166926,Gas Consumption,166926,cubic meters,II.1.1
403,CAPITAL FEDERAL,INDUSTRIALES,2021,65601,Gas Consumption,65601,cubic meters,I.3.1
404,CATAMARCA,COMERCIALES,2021,2612,Gas Consumption,2612,cubic meters,I.2.1
405,CATAMARCA,RESIDENCIALES,2021,12101,Gas Consumption,12101,cubic meters,I.1.1
406,CATAMARCA,ENTES OFICIALES,2021,164,Gas Consumption,164,cubic meters,I.2.1
407,CATAMARCA,GNC,2021,14591,Gas Consumption,14591,cubic meters,II.1.1
408,CATAMARCA,INDUSTRIALES,2021,85469,Gas Consumption,85469,cubic meters,I.3.1
409,CHUBUT,CENTRALES ELECTRICAS,2021,139687,Gas Consumption,139687,cubic meters,I.4.1
410,CHUBUT,COMERCIALES,2021,67546,Gas Consumption,67546,cubic meters,I.2.1
411,CHUBUT,RESIDENCIALES,2021,624599,Gas Consumption,624599,cubic meters,I.1.1
412,CHUBUT,ENTES OFICIALES,2021,38622,Gas Consumption,38622,cubic meters,I.2.1
413,CHUBUT,GNC,2021,1375,Gas Consumption,1375,cubic meters,II.1.1
414,CHUBUT,INDUSTRIALES,2021,581282,Gas Consumption,581282,cubic meters,I.3.1
415,CORDOBA,CENTRALES ELECTRICAS,2021,259922,Gas Consumption,259922,cubic meters,I.4.1
416,CORDOBA,COMERCIALES,2021,72161,Gas Consumption,72161,cubic meters,I.2.1
417,CORDOBA,RESIDENCIALES,2021,562622,Gas Consumption,562622,cubic meters,I.1.1
418,CORDOBA,ENTES OFICIALES,2021,13907,Gas Consumption,13907,cubic meters,I.2.1
419,CORDOBA,GNC,2021,364283,Gas Consumption,364283,cubic meters,II.1.1
420,CORDOBA,INDUSTRIALES,2021,618559,Gas Consumption,618559,cubic meters,I.3.1
421,CORDOBA,SDB,2021,80053,Gas Consumption,80053,cubic meters,I.6.1
422,CORRIENTES,COMERCIALES,2021,75,Gas Consumption,75,cubic meters,I.2.1
423,CORRIENTES,RESIDENCIALES,2021,1,Gas Consumption,1,cubic meters,I.1.1
424,CORRIENTES,ENTES OFICIALES,2021,0,Gas Consumption,0,cubic meters,I.2.1
425,CORRIENTES,GNC,2021,322,Gas Consumption,322,cubic meters,II.1.1
426,CORRIENTES,INDUSTRIALES,2021,3230,Gas Consumption,3230,cubic meters,I.3.1
427,ENTRE RIOS,COMERCIALES,2021,16829,Gas Consumption,16829,cubic meters,I.2.1
428,ENTRE RIOS,RESIDENCIALES,2021,88736,Gas Consumption,88736,cubic meters,I.1.1
429,ENTRE RIOS,ENTES OFICIALES,2021,1659,Gas Consumption,1659,cubic meters,I.2.1
430,ENTRE RIOS,GNC,2021,44390,Gas Consumption,44390,cubic meters,II.1.1
431,ENTRE RIOS,INDUSTRIALES,2021,125267,Gas Consumption,125267,cubic meters,I.3.1
432,JUJUY,CENTRALES ELECTRICAS,2021,24693,Gas Consumption,24693,cubic meters,I.4.1
433,JUJUY,COMERCIALES,2021,9975,Gas Consumption,9975,cubic meters,I.2.1
434,JUJUY,RESIDENCIALES,2021,52098,Gas Consumption,52098,cubic meters,I.1.1
435,JUJUY,ENTES OFICIALES,2021,2777,Gas Consumption,2777,cubic meters,I.2.1
436,JUJUY,GNC,2021,43612,Gas Consumption,43612,cubic meters,II.1.1
437,JUJUY,INDUSTRIALES,2021,"118556,76884",Gas Consumption,"118556,76884",cubic meters,I.3.1
438,JUJUY,SDB,2021,2664,Gas Consumption,2664,cubic meters,I.6.1
439,LA PAMPA,COMERCIALES,2021,17600,Gas Consumption,17600,cubic meters,I.2.1
440,LA PAMPA,RESIDENCIALES,2021,250394,Gas Consumption,250394,cubic meters,I.1.1
441,LA PAMPA,ENTES OFICIALES,2021,14122,Gas Consumption,14122,cubic meters,I.2.1
442,LA PAMPA,GNC,2021,7541,Gas Consumption,7541,cubic meters,II.1.1
443,LA PAMPA,INDUSTRIALES,2021,33273,Gas Consumption,33273,cubic meters,I.3.1
444,LA RIOJA,CENTRALES ELECTRICAS,2021,2743,Gas Consumption,2743,cubic meters,I.4.1
445,LA RIOJA,COMERCIALES,2021,1840,Gas Consumption,1840,cubic meters,I.2.1
446,LA RIOJA,RESIDENCIALES,2021,8413,Gas Consumption,8413,cubic meters,I.1.1
447,LA RIOJA,ENTES OFICIALES,2021,301,Gas Consumption,301,cubic meters,I.2.1
448,LA RIOJA,GNC,2021,4909,Gas Consumption,4909,cubic meters,II.1.1
449,LA RIOJA,INDUSTRIALES,2021,13333,Gas Consumption,13333,cubic meters,I.3.1
450,LA RIOJA,SDB,2021,0,Gas Consumption,0,cubic meters,I.6.1
451,MENDOZA,CENTRALES ELECTRICAS,2021,744612,Gas Consumption,744612,cubic meters,I.4.1
452,MENDOZA,COMERCIALES,2021,37553,Gas Consumption,37553,cubic meters,I.2.1
453,MENDOZA,RESIDENCIALES,2021,435802,Gas Consumption,435802,cubic meters,I.1.1
454,MENDOZA,ENTES OFICIALES,2021,17288,Gas Consumption,17288,cubic meters,I.2.1
455,MENDOZA,GNC,2021,136704,Gas Consumption,136704,cubic meters,II.1.1
456,MENDOZA,INDUSTRIALES,2021,438885,Gas Consumption,438885,cubic meters,I.3.1
457,MENDOZA,SDB,2021,37483,Gas Consumption,37483,cubic meters,I.6.1
458,NEUQUEN,CENTRALES ELECTRICAS,2021,9155,Gas Consumption,9155,cubic meters,I.4.1
459,NEUQUEN,COMERCIALES,2021,61016,Gas Consumption,61016,cubic meters,I.2.1
460,NEUQUEN,RESIDENCIALES,2021,558411,Gas Consumption,558411,cubic meters,I.1.1
461,NEUQUEN,ENTES OFICIALES,2021,31794,Gas Consumption,31794,cubic meters,I.2.1
462,NEUQUEN,GNC,2021,6284,Gas Consumption,6284,cubic meters,II.1.1
463,NEUQUEN,INDUSTRIALES,2021,238298,Gas Consumption,238298,cubic meters,I.3.1
464,NEUQUEN,SDB,2021,3157,Gas Consumption,3157,cubic meters,I.6.1
465,RIO NEGRO,CENTRALES ELECTRICAS,2021,6178,Gas Consumption,6178,cubic meters,I.4.1
466,RIO NEGRO,COMERCIALES,2021,77960,Gas Consumption,77960,cubic meters,I.2.1
467,RIO NEGRO,RESIDENCIALES,2021,658462,Gas Consumption,658462,cubic meters,I.1.1
468,RIO NEGRO,ENTES OFICIALES,2021,34622,Gas Consumption,34622,cubic meters,I.2.1
469,RIO NEGRO,GNC,2021,14298,Gas Consumption,14298,cubic meters,II.1.1
470,RIO NEGRO,INDUSTRIALES,2021,161918,Gas Consumption,161918,cubic meters,I.3.1
471,SALTA,CENTRALES ELECTRICAS,2021,116657,Gas Consumption,116657,cubic meters,I.4.1
472,SALTA,COMERCIALES,2021,11474,Gas Consumption,11474,cubic meters,I.2.1
473,SALTA,RESIDENCIALES,2021,118380,Gas Consumption,118380,cubic meters,I.1.1
474,SALTA,ENTES OFICIALES,2021,2507,Gas Consumption,2507,cubic meters,I.2.1
475,SALTA,GNC,2021,71248,Gas Consumption,71248,cubic meters,II.1.1
476,SALTA,INDUSTRIALES,2021,"143890,48916",Gas Consumption,"143890,48916",cubic meters,I.3.1
477,SAN JUAN,CENTRALES ELECTRICAS,2021,2581,Gas Consumption,2581,cubic meters,I.4.1
478,SAN JUAN,COMERCIALES,2021,8552,Gas Consumption,8552,cubic meters,I.2.1
479,SAN JUAN,RESIDENCIALES,2021,95802,Gas Consumption,95802,cubic meters,I.1.1
480,SAN JUAN,ENTES OFICIALES,2021,2307,Gas Consumption,2307,cubic meters,I.2.1
481,SAN JUAN,GNC,2021,46455,Gas Consumption,46455,cubic meters,II.1.1
482,SAN JUAN,INDUSTRIALES,2021,148182,Gas Consumption,148182,cubic meters,I.3.1
483,SAN JUAN,SDB,2021,3564,Gas Consumption,3564,cubic meters,I.6.1
484,SAN LUIS,COMERCIALES,2021,22609,Gas Consumption,22609,cubic meters,I.2.1
485,SAN LUIS,RESIDENCIALES,2021,84759,Gas Consumption,84759,cubic meters,I.1.1
486,SAN LUIS,ENTES OFICIALES,2021,4061,Gas Consumption,4061,cubic meters,I.2.1
487,SAN LUIS,GNC,2021,43396,Gas Consumption,43396,cubic meters,II.1.1
488,SAN LUIS,INDUSTRIALES,2021,100805,Gas Consumption,100805,cubic meters,I.3.1
489,SAN LUIS,SDB,2021,25564,Gas Consumption,25564,cubic meters,I.6.1
490,SANTA CRUZ,CENTRALES ELECTRICAS,2021,16787,Gas Consumption,16787,cubic meters,I.4.1
491,SANTA CRUZ,COMERCIALES,2021,32557,Gas Consumption,32557,cubic meters,I.2.1
492,SANTA CRUZ,RESIDENCIALES,2021,319679,Gas Consumption,319679,cubic meters,I.1.1
493,SANTA CRUZ,ENTES OFICIALES,2021,25499,Gas Consumption,25499,cubic meters,I.2.1
494,SANTA CRUZ,INDUSTRIALES,2021,2521,Gas Consumption,2521,cubic meters,I.3.1
495,SANTA CRUZ,SDB,2021,155512,Gas Consumption,155512,cubic meters,I.6.1
496,SANTA FE,CENTRALES ELECTRICAS,2021,"2902,09",Gas Consumption,"2902,09",cubic meters,I.4.1
497,SANTA FE,COMERCIALES,2021,"115153,93",Gas Consumption,"115153,93",cubic meters,I.2.1
498,SANTA FE,RESIDENCIALES,2021,"450443,6",Gas Consumption,"450443,6",cubic meters,I.1.1
499,SANTA FE,ENTES OFICIALES,2021,"20251,12",Gas Consumption,"20251,12",cubic meters,I.2.1
500,SANTA FE,GNC,2021,"189529,71",Gas Consumption,"189529,71",cubic meters,II.1.1
501,SANTA FE,INDUSTRIALES,2021,"1687839,37",Gas Consumption,"1687839,37",cubic meters,I.3.1
502,SANTA FE,SDB,2021,"86446,21",Gas Consumption,"86446,21",cubic meters,I.6.1
503,SANTIAGO DEL ESTERO,CENTRALES ELECTRICAS,2021,5130,Gas Consumption,5130,cubic meters,I.4.1
504,SANTIAGO DEL ESTERO,COMERCIALES,2021,6169,Gas Consumption,6169,cubic meters,I.2.1
505,SANTIAGO DEL ESTERO,RESIDENCIALES,2021,32692,Gas Consumption,32692,cubic meters,I.1.1
506,SANTIAGO DEL ESTERO,ENTES OFICIALES,2021,1647,Gas Consumption,1647,cubic meters,I.2.1
507,SANTIAGO DEL ESTERO,GNC,2021,35346,Gas Consumption,35346,cubic meters,II.1.1
508,SANTIAGO DEL ESTERO,INDUSTRIALES,2021,"13210,647",Gas Consumption,"13210,647",cubic meters,I.3.1
509,TIERRA DEL FUEGO,CENTRALES ELECTRICAS,2021,223375,Gas Consumption,223375,cubic meters,I.4.1
510,TIERRA DEL FUEGO,COMERCIALES,2021,69550,Gas Consumption,69550,cubic meters,I.2.1
511,TIERRA DEL FUEGO,RESIDENCIALES,2021,380277,Gas Consumption,380277,cubic meters,I.1.1
512,TIERRA DEL FUEGO,ENTES OFICIALES,2021,33749,Gas Consumption,33749,cubic meters,I.2.1
513,TIERRA DEL FUEGO,GNC,2021,704,Gas Consumption,704,cubic meters,II.1.1
514,TIERRA DEL FUEGO,INDUSTRIALES,2021,18414,Gas Consumption,18414,cubic meters,I.3.1
515,TUCUMAN,CENTRALES ELECTRICAS,2021,1162625,Gas Consumption,1162625,cubic meters,I.4.1
516,TUCUMAN,COMERCIALES,2021,23479,Gas Consumption,23479,cubic meters,I.2.1
517,TUCUMAN,RESIDENCIALES,2021,116377,Gas Consumption,116377,cubic meters,I.1.1
518,TUCUMAN,ENTES OFICIALES,2021,4130,Gas Consumption,4130,cubic meters,I.2.1
519,TUCUMAN,GNC,2021,107013,Gas Consumption,107013,cubic meters,II.1.1
520,TUCUMAN,INDUSTRIALES,2021,"223027,4852",Gas Consumption,"223027,4852",cubic meters,I.3.1
521,BUENOS AIRES,CENTRALES ELECTRICAS,2022,"1508218,96",Gas Consumption,"1508218,96",cubic meters,I.4.1
522,BUENOS AIRES,COMERCIALES,2022,"365570,91",Gas Consumption,"365570,91",cubic meters,I.2.1
523,BUENOS AIRES,RESIDENCIALES,2022,"4195622,68",Gas Consumption,"4195622,68",cubic meters,I.1.1
524,BUENOS AIRES,ENTES OFICIALES,2022,"129414,4",Gas Consumption,"129414,4",cubic meters,I.2.1
525,BUENOS AIRES,GNC,2022,"1056728,08",Gas Consumption,"1056728,08",cubic meters,II.1.1
526,BUENOS AIRES,INDUSTRIALES,2022,"5098333,81",Gas Consumption,"5098333,81",cubic meters,I.3.1
527,BUENOS AIRES,SDB,2022,"309527,58",Gas Consumption,"309527,58",cubic meters,I.6.1
528,CAPITAL FEDERAL,CENTRALES ELECTRICAS,2022,2036072,Gas Consumption,2036072,cubic meters,I.4.1
529,CAPITAL FEDERAL,COMERCIALES,2022,156539,Gas Consumption,156539,cubic meters,I.2.1
530,CAPITAL FEDERAL,RESIDENCIALES,2022,954768,Gas Consumption,954768,cubic meters,I.1.1
531,CAPITAL FEDERAL,ENTES OFICIALES,2022,42441,Gas Consumption,42441,cubic meters,I.2.1
532,CAPITAL FEDERAL,GNC,2022,165241,Gas Consumption,165241,cubic meters,II.1.1
533,CAPITAL FEDERAL,INDUSTRIALES,2022,74038,Gas Consumption,74038,cubic meters,I.3.1
534,CATAMARCA,COMERCIALES,2022,2815,Gas Consumption,2815,cubic meters,I.2.1
535,CATAMARCA,RESIDENCIALES,2022,12480,Gas Consumption,12480,cubic meters,I.1.1
536,CATAMARCA,ENTES OFICIALES,2022,203,Gas Consumption,203,cubic meters,I.2.1
537,CATAMARCA,GNC,2022,15293,Gas Consumption,15293,cubic meters,II.1.1
538,CATAMARCA,INDUSTRIALES,2022,102664,Gas Consumption,102664,cubic meters,I.3.1
539,CHUBUT,CENTRALES ELECTRICAS,2022,"127543,2",Gas Consumption,"127543,2",cubic meters,I.4.1
540,CHUBUT,COMERCIALES,2022,"81991,12",Gas Consumption,"81991,12",cubic meters,I.2.1
541,CHUBUT,RESIDENCIALES,2022,"698594,16",Gas Consumption,"698594,16",cubic meters,I.1.1
542,CHUBUT,ENTES OFICIALES,2022,"44827,39",Gas Consumption,"44827,39",cubic meters,I.2.1
543,CHUBUT,GNC,2022,"1344,8",Gas Consumption,"1344,8",cubic meters,II.1.1
544,CHUBUT,INDUSTRIALES,2022,"395415,88",Gas Consumption,"395415,88",cubic meters,I.3.1
545,CORDOBA,CENTRALES ELECTRICAS,2022,155192,Gas Consumption,155192,cubic meters,I.4.1
546,CORDOBA,COMERCIALES,2022,81182,Gas Consumption,81182,cubic meters,I.2.1
547,CORDOBA,RESIDENCIALES,2022,633372,Gas Consumption,633372,cubic meters,I.1.1
548,CORDOBA,ENTES OFICIALES,2022,15978,Gas Consumption,15978,cubic meters,I.2.1
549,CORDOBA,GNC,2022,375725,Gas Consumption,375725,cubic meters,II.1.1
550,CORDOBA,INDUSTRIALES,2022,672588,Gas Consumption,672588,cubic meters,I.3.1
551,CORDOBA,SDB,2022,91408,Gas Consumption,91408,cubic meters,I.6.1
552,CORRIENTES,COMERCIALES,2022,135,Gas Consumption,135,cubic meters,I.2.1
553,CORRIENTES,RESIDENCIALES,2022,18,Gas Consumption,18,cubic meters,I.1.1
554,CORRIENTES,ENTES OFICIALES,2022,0,Gas Consumption,0,cubic meters,I.2.1
555,CORRIENTES,GNC,2022,552,Gas Consumption,552,cubic meters,II.1.1
556,CORRIENTES,INDUSTRIALES,2022,4000,Gas Consumption,4000,cubic meters,I.3.1
557,ENTRE RIOS,COMERCIALES,2022,21447,Gas Consumption,21447,cubic meters,I.2.1
558,ENTRE RIOS,RESIDENCIALES,2022,92826,Gas Consumption,92826,cubic meters,I.1.1
559,ENTRE RIOS,ENTES OFICIALES,2022,2047,Gas Consumption,2047,cubic meters,I.2.1
560,ENTRE RIOS,GNC,2022,44974,Gas Consumption,44974,cubic meters,II.1.1
561,ENTRE RIOS,INDUSTRIALES,2022,127732,Gas Consumption,127732,cubic meters,I.3.1
562,JUJUY,CENTRALES ELECTRICAS,2022,27536,Gas Consumption,27536,cubic meters,I.4.1
563,JUJUY,COMERCIALES,2022,10733,Gas Consumption,10733,cubic meters,I.2.1
564,JUJUY,RESIDENCIALES,2022,52048,Gas Consumption,52048,cubic meters,I.1.1
565,JUJUY,ENTES OFICIALES,2022,3572,Gas Consumption,3572,cubic meters,I.2.1
566,JUJUY,GNC,2022,43101,Gas Consumption,43101,cubic meters,II.1.1
567,JUJUY,INDUSTRIALES,2022,"118770,59399",Gas Consumption,"118770,59399",cubic meters,I.3.1
568,JUJUY,SDB,2022,0,Gas Consumption,0,cubic meters,I.6.1
569,LA PAMPA,COMERCIALES,2022,"21067,7",Gas Consumption,"21067,7",cubic meters,I.2.1
570,LA PAMPA,RESIDENCIALES,2022,"262763,7",Gas Consumption,"262763,7",cubic meters,I.1.1
571,LA PAMPA,ENTES OFICIALES,2022,"16355,6",Gas Consumption,"16355,6",cubic meters,I.2.1
572,LA PAMPA,GNC,2022,7950,Gas Consumption,7950,cubic meters,II.1.1
573,LA PAMPA,INDUSTRIALES,2022,"37121,1",Gas Consumption,"37121,1",cubic meters,I.3.1
574,LA RIOJA,CENTRALES ELECTRICAS,2022,3152,Gas Consumption,3152,cubic meters,I.4.1
575,LA RIOJA,COMERCIALES,2022,1902,Gas Consumption,1902,cubic meters,I.2.1
576,LA RIOJA,RESIDENCIALES,2022,8845,Gas Consumption,8845,cubic meters,I.1.1
577,LA RIOJA,ENTES OFICIALES,2022,323,Gas Consumption,323,cubic meters,I.2.1
578,LA RIOJA,GNC,2022,5101,Gas Consumption,5101,cubic meters,II.1.1
579,LA RIOJA,INDUSTRIALES,2022,14825,Gas Consumption,14825,cubic meters,I.3.1
581,MENDOZA,CENTRALES ELECTRICAS,2022,701279,Gas Consumption,701279,cubic meters,I.4.1
582,MENDOZA,COMERCIALES,2022,42362,Gas Consumption,42362,cubic meters,I.2.1
583,MENDOZA,RESIDENCIALES,2022,467726,Gas Consumption,467726,cubic meters,I.1.1
584,MENDOZA,ENTES OFICIALES,2022,19650,Gas Consumption,19650,cubic meters,I.2.1
585,MENDOZA,GNC,2022,136575,Gas Consumption,136575,cubic meters,II.1.1
586,MENDOZA,INDUSTRIALES,2022,444985,Gas Consumption,444985,cubic meters,I.3.1
587,MENDOZA,SDB,2022,40110,Gas Consumption,40110,cubic meters,I.6.1
588,NEUQUEN,CENTRALES ELECTRICAS,2022,"12933,88",Gas Consumption,"12933,88",cubic meters,I.4.1
589,NEUQUEN,COMERCIALES,2022,"73242,73",Gas Consumption,"73242,73",cubic meters,I.2.1
590,NEUQUEN,RESIDENCIALES,2022,"618833,44",Gas Consumption,"618833,44",cubic meters,I.1.1
591,NEUQUEN,ENTES OFICIALES,2022,"37664,68",Gas Consumption,"37664,68",cubic meters,I.2.1
592,NEUQUEN,GNC,2022,"6174,66",Gas Consumption,"6174,66",cubic meters,II.1.1
593,NEUQUEN,INDUSTRIALES,2022,"137099,64",Gas Consumption,"137099,64",cubic meters,I.3.1
595,RIO NEGRO,CENTRALES ELECTRICAS,2022,"4484,1",Gas Consumption,"4484,1",cubic meters,I.4.1
596,RIO NEGRO,COMERCIALES,2022,"97351,71",Gas Consumption,"97351,71",cubic meters,I.2.1
597,RIO NEGRO,RESIDENCIALES,2022,"751498,01",Gas Consumption,"751498,01",cubic meters,I.1.1
598,RIO NEGRO,ENTES OFICIALES,2022,"39781,95",Gas Consumption,"39781,95",cubic meters,I.2.1
599,RIO NEGRO,GNC,2022,"15215,8",Gas Consumption,"15215,8",cubic meters,II.1.1
600,RIO NEGRO,INDUSTRIALES,2022,"65919,95",Gas Consumption,"65919,95",cubic meters,I.3.1
601,SALTA,CENTRALES ELECTRICAS,2022,63489,Gas Consumption,63489,cubic meters,I.4.1
602,SALTA,COMERCIALES,2022,12247,Gas Consumption,12247,cubic meters,I.2.1
603,SALTA,RESIDENCIALES,2022,120504,Gas Consumption,120504,cubic meters,I.1.1
604,SALTA,ENTES OFICIALES,2022,3174,Gas Consumption,3174,cubic meters,I.2.1
605,SALTA,GNC,2022,72423,Gas Consumption,72423,cubic meters,II.1.1
606,SALTA,INDUSTRIALES,2022,"176105,24",Gas Consumption,"176105,24",cubic meters,I.3.1
607,SAN JUAN,CENTRALES ELECTRICAS,2022,17488,Gas Consumption,17488,cubic meters,I.4.1
608,SAN JUAN,COMERCIALES,2022,9510,Gas Consumption,9510,cubic meters,I.2.1
609,SAN JUAN,RESIDENCIALES,2022,101305,Gas Consumption,101305,cubic meters,I.1.1
610,SAN JUAN,ENTES OFICIALES,2022,2667,Gas Consumption,2667,cubic meters,I.2.1
611,SAN JUAN,GNC,2022,46457,Gas Consumption,46457,cubic meters,II.1.1
612,SAN JUAN,INDUSTRIALES,2022,171693,Gas Consumption,171693,cubic meters,I.3.1
613,SAN JUAN,SDB,2022,3749,Gas Consumption,3749,cubic meters,I.6.1
614,SAN LUIS,COMERCIALES,2022,18014,Gas Consumption,18014,cubic meters,I.2.1
615,SAN LUIS,RESIDENCIALES,2022,89353,Gas Consumption,89353,cubic meters,I.1.1
616,SAN LUIS,ENTES OFICIALES,2022,4440,Gas Consumption,4440,cubic meters,I.2.1
617,SAN LUIS,GNC,2022,45678,Gas Consumption,45678,cubic meters,II.1.1
618,SAN LUIS,INDUSTRIALES,2022,103938,Gas Consumption,103938,cubic meters,I.3.1
619,SAN LUIS,SDB,2022,26814,Gas Consumption,26814,cubic meters,I.6.1
620,SANTA CRUZ,CENTRALES ELECTRICAS,2022,"12112,8",Gas Consumption,"12112,8",cubic meters,I.4.1
621,SANTA CRUZ,COMERCIALES,2022,"37863,1",Gas Consumption,"37863,1",cubic meters,I.2.1
622,SANTA CRUZ,RESIDENCIALES,2022,"318746,29",Gas Consumption,"318746,29",cubic meters,I.1.1
623,SANTA CRUZ,ENTES OFICIALES,2022,"28342,28",Gas Consumption,"28342,28",cubic meters,I.2.1
624,SANTA CRUZ,INDUSTRIALES,2022,"6996,94",Gas Consumption,"6996,94",cubic meters,I.3.1
625,SANTA CRUZ,SDB,2022,"172408,5",Gas Consumption,"172408,5",cubic meters,I.6.1
626,SANTA FE,CENTRALES ELECTRICAS,2022,5996,Gas Consumption,5996,cubic meters,I.4.1
627,SANTA FE,COMERCIALES,2022,"88406,13",Gas Consumption,"88406,13",cubic meters,I.2.1
628,SANTA FE,RESIDENCIALES,2022,"506539,09",Gas Consumption,"506539,09",cubic meters,I.1.1
629,SANTA FE,ENTES OFICIALES,2022,"25640,14",Gas Consumption,"25640,14",cubic meters,I.2.1
630,SANTA FE,GNC,2022,"192579,03",Gas Consumption,"192579,03",cubic meters,II.1.1
631,SANTA FE,INDUSTRIALES,2022,"1572794,02",Gas Consumption,"1572794,02",cubic meters,I.3.1
632,SANTA FE,SDB,2022,"92706,5",Gas Consumption,"92706,5",cubic meters,I.6.1
633,SANTIAGO DEL ESTERO,CENTRALES ELECTRICAS,2022,3730,Gas Consumption,3730,cubic meters,I.4.1
634,SANTIAGO DEL ESTERO,COMERCIALES,2022,6562,Gas Consumption,6562,cubic meters,I.2.1
635,SANTIAGO DEL ESTERO,RESIDENCIALES,2022,32267,Gas Consumption,32267,cubic meters,I.1.1
636,SANTIAGO DEL ESTERO,ENTES OFICIALES,2022,2105,Gas Consumption,2105,cubic meters,I.2.1
637,SANTIAGO DEL ESTERO,GNC,2022,37253,Gas Consumption,37253,cubic meters,II.1.1
638,SANTIAGO DEL ESTERO,INDUSTRIALES,2022,"13503,433",Gas Consumption,"13503,433",cubic meters,I.3.1
639,TIERRA DEL FUEGO,CENTRALES ELECTRICAS,2022,"238148,66",Gas Consumption,"238148,66",cubic meters,I.4.1
640,TIERRA DEL FUEGO,COMERCIALES,2022,"73813,16",Gas Consumption,"73813,16",cubic meters,I.2.1
641,TIERRA DEL FUEGO,RESIDENCIALES,2022,"396577,16",Gas Consumption,"396577,16",cubic meters,I.1.1
642,TIERRA DEL FUEGO,ENTES OFICIALES,2022,"35986,47",Gas Consumption,"35986,47",cubic meters,I.2.1
643,TIERRA DEL FUEGO,GNC,2022,"704,35",Gas Consumption,"704,35",cubic meters,II.1.1
644,TIERRA DEL FUEGO,INDUSTRIALES,2022,"21490,66",Gas Consumption,"21490,66",cubic meters,I.3.1
645,TUCUMAN,CENTRALES ELECTRICAS,2022,923080,Gas Consumption,923080,cubic meters,I.4.1
646,TUCUMAN,COMERCIALES,2022,26810,Gas Consumption,26810,cubic meters,I.2.1
647,TUCUMAN,RESIDENCIALES,2022,117166,Gas Consumption,117166,cubic meters,I.1.1
648,TUCUMAN,ENTES OFICIALES,2022,6950,Gas Consumption,6950,cubic meters,I.2.1
649,TUCUMAN,GNC,2022,106766,Gas Consumption,106766,cubic meters,II.1.1
650,TUCUMAN,INDUSTRIALES,2022,"191033,50545",Gas Consumption,"191033,50545",cubic meters,I.3.1
