Period,Operator,Registration Number,Brand/Flag,Deregistration Date,Tax ID,Business Type,Address,Locality,Province,Product,Marketing/Distribution Channel,Price without Taxes,Price with Taxes,Volume,Pump Price,No Movements,Exempt,Price without taxes,Price with taxes,Pump price
2022-01-01 0:00:00,DELTAPATAGONIA SA,9629,No brand,,30-71537092-8,Wholesale marketer (bulk sale),Av. N. Alem 822 3A,Mendoza,MENDOZA,Diesel Grade 3,"Service stations, storage and distribution",63.5,91.12,268.0,0.0,NO,0.0,,,
2022-01-01 0:00:00,"PAN AMERICAN ENERGY LLC, SUCURSAL ARGENTINA",9251,No brand,,30-69554247-6,Not available,"Av. Leandro N. Alem 1180, piso 11",Mendoza,MENDOZA,Diesel Grade 2,Other sectors,60.363,89.861,0.11,0.0,NO,0.0,,,
2022-01-01 0:00:00,"PAN AMERICAN ENERGY LLC, SUCURSAL ARGENTINA",9251,No brand,,30-69554247-6,Not available,"Av. Leandro N. Alem 1180, piso 11",Mendoza,MENDOZA,Diesel Grade 2,Resale to other service stations,50.301,74.438,120.65,0.0,NO,0.0,,,
2022-01-01 0:00:00,"PAN AMERICAN ENERGY LLC, SUCURSAL ARGENTINA",9251,No brand,,30-69554247-6,Not available,"Av. Leandro N. Alem 1180, piso 11",Mendoza,MENDOZA,Premium gasoline over 95 octane,Resale to other service stations,53.519,84.181,112.26,0.0,NO,0.0,,,
2022-01-01 0:00:00,REFI PAMPA SA,9677,No brand,,30-71215690-9,Not available,YACIMIENTO MEDANITO ESTE,Mendoza,MENDOZA,Diesel Grade 2,Resale to other service stations,79.94,110.302,36.0,0.0,NO,0.0,,,
2022-01-01 0:00:00,YPF S.A.,2373,No brand,,30-54668997-9,Not available,MACACHA GUEMES 515,Mendoza,MENDOZA,Jet fuel,"Commercial air transport, international",68.88432,68.88432,550.275,0.0,NO,0.0,,,
2022-02-01 0:00:00,DELTAPATAGONIA SA,9629,No brand,,30-71537092-8,Wholesale marketer (bulk sale),Av. N. Alem 822 3A,Mendoza,MENDOZA,Diesel Grade 3,"Service stations, storage and distribution",72.99,101.89,218.0,0.0,NO,0.0,,,
2022-02-01 0:00:00,"PAN AMERICAN ENERGY LLC, SUCURSAL ARGENTINA",9251,No brand,,30-69554247-6,Not available,"Av. Leandro N. Alem 1180, piso 11",Mendoza,MENDOZA,Super gasoline between 92 and 95 octane,Freight transport,64.827,101.285,0.69,0.0,NO,0.0,,,
2022-02-01 0:00:00,"PAN AMERICAN ENERGY LLC, SUCURSAL ARGENTINA",9251,No brand,,30-69554247-6,Not available,"Av. Leandro N. Alem 1180, piso 11",Mendoza,MENDOZA,Premium gasoline over 95 octane,Freight transport,77.234,114.411,0.66,0.0,NO,0.0,,,
2022-02-01 0:00:00,"PAN AMERICAN ENERGY LLC, SUCURSAL ARGENTINA",9251,No brand,,30-69554247-6,Not available,"Av. Leandro N. Alem 1180, piso 11",Mendoza,MENDOZA,Premium gasoline over 95 octane,Other sectors,79.425,117.12,0.3,0.0,NO,0.0,,,
2022-02-01 0:00:00,SHELL COMPAÑIA ARGENTINA DE PETRÓLEO S.A.,3145,No brand,,30-50672680-4,Not available,AVDA. PTE. ROQUE SÁENZ PEÑA 788,Mendoza,MENDOZA,Diesel Grade 3,Resale to other service stations,66.00671,93.58886,385.8463,0.0,NO,0.0,,,
2022-02-01 0:00:00,YPF S.A.,2373,No brand,,30-54668997-9,Not available,MACACHA GUEMES 515,Mendoza,MENDOZA,Diesel Grade 3,Own service stations,62.25025,88.81507,187.059,0.0,NO,0.0,,,
2022-03-01 0:00:00,"PAN AMERICAN ENERGY LLC, SUCURSAL ARGENTINA",9251,No brand,,30-69554247-6,Not available,"Av. Leandro N. Alem 1180, piso 11",Mendoza,MENDOZA,Premium gasoline over 95 octane,Freight transport,85.441,126.203,0.46,0.0,NO,0.0,,,
2022-03-01 0:00:00,"PAN AMERICAN ENERGY LLC, SUCURSAL ARGENTINA",9251,No brand,,30-69554247-6,Not available,"Av. Leandro N. Alem 1180, piso 11",Mendoza,MENDOZA,Diesel Grade 3,Freight transport,89.097,135.416,1.02,0.0,NO,0.0,,,
2022-03-01 0:00:00,YPF S.A.,2373,No brand,,30-54668997-9,Not available,MACACHA GUEMES 515,Mendoza,MENDOZA,Super gasoline between 92 and 95 octane,Other sectors,43.66394,72.25673,2631.811,0.0,NO,0.0,,,
2022-03-01 0:00:00,YPF S.A.,2373,No brand,,30-54668997-9,Not available,MACACHA GUEMES 515,Mendoza,MENDOZA,Jet fuel,"Commercial air transport, cabotage",79.83113,96.56409,1689.632,0.0,NO,0.0,,,
2022-04-01 0:00:00,"PAN AMERICAN ENERGY LLC, SUCURSAL ARGENTINA",9251,No brand,,30-69554247-6,Not available,"Av. Leandro N. Alem 1180, piso 11",Mendoza,MENDOZA,Diesel Grade 2,Resale to other service stations,64.189,91.243,153.2,0.0,NO,0.0,,,
2022-04-01 0:00:00,"PAN AMERICAN ENERGY LLC, SUCURSAL ARGENTINA",9251,No brand,,30-69554247-6,Not available,"Av. Leandro N. Alem 1180, piso 11",Mendoza,MENDOZA,Diesel Grade 3,Freight transport,94.231,133.129,1.7,0.0,NO,0.0,,,
2022-04-01 0:00:00,TRAFIGURA ARGENTINA S.A.,8647,No brand,,30-70083497-9,Not available,Juana Manso 205 Piso 7,Mendoza,MENDOZA,Super gasoline between 92 and 95 octane,Resale to other service stations,58.967,91.927,70.81,0.0,NO,0.0,,,
2022-04-01 0:00:00,YPF S.A.,2373,No brand,,30-54668997-9,Not available,MACACHA GUEMES 515,Mendoza,MENDOZA,Diesel Grade 3,"Service stations, consignment",78.82959,114.5893,527.245,0.0,NO,0.0,,,
2022-04-01 0:00:00,YPF S.A.,2373,No brand,,30-54668997-9,Not available,MACACHA GUEMES 515,Mendoza,MENDOZA,Diesel Grade 2,Other sectors,55.22725,80.59782,4266.986,0.0,NO,0.0,,,
2022-05-01 0:00:00,"PAN AMERICAN ENERGY LLC, SUCURSAL ARGENTINA",9251,No brand,,30-69554247-6,Not available,"Av. Leandro N. Alem 1180, piso 11",Mendoza,MENDOZA,Diesel Grade 2,Agriculture,89.376,121.72,236.1,0.0,NO,0.0,,,
2022-05-01 0:00:00,SHELL COMPAÑIA ARGENTINA DE PETRÓLEO S.A.,3145,No brand,,30-50672680-4,Not available,AVDA. PTE. ROQUE SÁENZ PEÑA 788,Mendoza,MENDOZA,Diesel Grade 2,Resale to other service stations,72.08356,100.8434,289.9818,0.0,NO,0.0,,,
2022-05-01 0:00:00,TRAFIGURA ARGENTINA S.A.,8647,No brand,,30-70083497-9,Not available,Juana Manso 205 Piso 7,Mendoza,MENDOZA,Premium gasoline over 95 octane,Resale to other service stations,78.484,114.879,11.039,0.0,NO,0.0,,,
2022-05-01 0:00:00,YPF S.A.,2373,No brand,,30-54668997-9,Not available,MACACHA GUEMES 515,Mendoza,MENDOZA,Premium gasoline over 95 octane,"Service stations, consignment",70.39162,105.6412,545.505,0.0,NO,0.0,,,
2022-05-01 0:00:00,YPF S.A.,2373,No brand,,30-54668997-9,Not available,MACACHA GUEMES 515,Mendoza,MENDOZA,Premium gasoline over 95 octane,Own service stations,69.45522,104.2182,370.314,0.0,NO,0.0,,,
2022-06-01 0:00:00,DELTAPATAGONIA SA,9629,No brand,,30-71537092-8,Wholesale marketer (bulk sale),Av. N. Alem 822 3A,Mendoza,MENDOZA,Premium gasoline over 95 octane,"Service stations, storage and distribution",92.81,131.72,141.0,0.0,NO,0.0,,,
2022-06-01 0:00:00,"PAN AMERICAN ENERGY LLC, SUCURSAL ARGENTINA",9251,No brand,,30-69554247-6,Not available,"Av. Leandro N. Alem 1180, piso 11",Mendoza,MENDOZA,Diesel Grade 2,Other sectors,90.51,129.641,0.09,0.0,NO,0.0,,,
2022-06-01 0:00:00,TRAFIGURA ARGENTINA S.A.,8647,No brand,,30-70083497-9,Not available,Juana Manso 205 Piso 7,Mendoza,MENDOZA,Diesel Grade 2,Resale to other service stations,79.211,109.839,159.771,0.0,NO,0.0,,,
2022-06-01 0:00:00,TRAFIGURA ARGENTINA S.A.,8647,No brand,,30-70083497-9,Not available,Juana Manso 205 Piso 7,Mendoza,MENDOZA,Super gasoline between 92 and 95 octane,Resale to other service stations,67.059,101.633,60.263,0.0,NO,0.0,,,
2022-06-01 0:00:00,YPF S.A.,2373,No brand,,30-54668997-9,Not available,MACACHA GUEMES 515,Mendoza,MENDOZA,Diesel Grade 2,Other sectors,70633.67,99041.29,4027.086,0.0,NO,0.0,,,
2022-06-01 0:00:00,YPF S.A.,2373,No brand,,30-54668997-9,Not available,MACACHA GUEMES 515,Mendoza,MENDOZA,Premium gasoline over 95 octane,Own service stations,75.06887,110.8704,404.87,0.0,NO,0.0,,,
2022-06-01 0:00:00,YPF S.A.,2373,No brand,,30-54668997-9,Not available,MACACHA GUEMES 515,Mendoza,MENDOZA,Jet fuel,"Commercial air transport, cabotage",143.7275,173.9103,2136.854,0.0,NO,0.0,,,
2022-07-01 0:00:00,DELTAPATAGONIA SA,9629,No brand,,30-71537092-8,Wholesale marketer (bulk sale),Av. N. Alem 822 3A,Mendoza,MENDOZA,Premium gasoline over 95 octane,"Service stations, storage and distribution",92.28,131.08,121.0,0.0,NO,0.0,,,
2022-07-01 0:00:00,"PAN AMERICAN ENERGY LLC, SUCURSAL ARGENTINA",9251,No brand,,30-69554247-6,Not available,"Av. Leandro N. Alem 1180, piso 11",Mendoza,MENDOZA,Diesel Grade 3,Freight transport,121.842,174.741,3.54,0.0,NO,0.0,,,
2022-07-01 0:00:00,"PAN AMERICAN ENERGY LLC, SUCURSAL ARGENTINA",9251,No brand,,30-69554247-6,Not available,"Av. Leandro N. Alem 1180, piso 11",Mendoza,MENDOZA,Super gasoline between 92 and 95 octane,Resale to other service stations,68.858,102.742,202.35,0.0,NO,0.0,,,
2022-07-01 0:00:00,YPF S.A.,2373,No brand,,30-54668997-9,Not available,MACACHA GUEMES 515,Mendoza,MENDOZA,Premium gasoline over 95 octane,"Service stations, consignment",84.37096,123.0085,1121.197,0.0,NO,0.0,,,
2022-08-01 0:00:00,DELTAPATAGONIA SA,9629,No brand,,30-71537092-8,Wholesale marketer (bulk sale),Av. N. Alem 822 3A,Mendoza,MENDOZA,Diesel Grade 2,"Service stations, storage and distribution",86.28,118.25,374.0,0.0,NO,0.0,,,
2022-08-01 0:00:00,DELTAPATAGONIA SA,9629,No brand,,30-71537092-8,Wholesale marketer (bulk sale),Av. N. Alem 822 3A,Mendoza,MENDOZA,Premium gasoline over 95 octane,"Service stations, storage and distribution",96.45,136.14,82.0,0.0,NO,0.0,,,
2022-08-01 0:00:00,"PAN AMERICAN ENERGY LLC, SUCURSAL ARGENTINA",9251,No brand,,30-69554247-6,Not available,"Av. Leandro N. Alem 1180, piso 11",Mendoza,MENDOZA,Super gasoline between 92 and 95 octane,Resale to other service stations,77.666,113.4,160.1,0.0,NO,0.0,,,
2022-08-01 0:00:00,"PAN AMERICAN ENERGY LLC, SUCURSAL ARGENTINA",9251,No brand,,30-69554247-6,Not available,"Av. Leandro N. Alem 1180, piso 11",Mendoza,MENDOZA,Super gasoline between 92 and 95 octane,Freight transport,90.719,138.568,0.34,0.0,NO,0.0,,,
2022-08-01 0:00:00,"PAN AMERICAN ENERGY LLC, SUCURSAL ARGENTINA",9251,No brand,,30-69554247-6,Not available,"Av. Leandro N. Alem 1180, piso 11",Mendoza,MENDOZA,Premium gasoline over 95 octane,Other sectors,123.21,191.455,0.04,0.0,NO,0.0,,,
2022-08-01 0:00:00,"PAN AMERICAN ENERGY LLC, SUCURSAL ARGENTINA",9251,No brand,,30-69554247-6,Not available,"Av. Leandro N. Alem 1180, piso 11",Mendoza,MENDOZA,Diesel Grade 3,Agriculture,132.899,172.03,78.93,0.0,NO,0.0,,,
2022-08-01 0:00:00,SHELL COMPAÑIA ARGENTINA DE PETRÓLEO S.A.,3145,No brand,,30-50672680-4,Not available,AVDA. PTE. ROQUE SÁENZ PEÑA 788,Mendoza,MENDOZA,Diesel Grade 2,Resale to other service stations,89.36169,176.0854,965.3931,0.0,NO,0.0,,,
2022-08-01 0:00:00,TRAFIGURA ARGENTINA S.A.,8647,No brand,,30-70083497-9,Not available,Juana Manso 205 Piso 7,Mendoza,MENDOZA,Diesel Grade 2,Resale to other service stations,86.791,118.368,159.928,0.0,NO,0.0,,,
2022-08-01 0:00:00,YPF S.A.,2373,No brand,,30-54668997-9,Not available,MACACHA GUEMES 515,Mendoza,MENDOZA,Diesel Grade 2,Freight transport,105.9784,140.2598,80.81173,0.0,NO,1.0,,,
2022-08-01 0:00:00,YPF S.A.,2373,No brand,,30-54668997-9,Not available,MACACHA GUEMES 515,Mendoza,MENDOZA,Diesel Grade 3,Other sectors,110.1479,146.139,387.834,0.0,NO,0.0,,,
2022-08-01 0:00:00,YPF S.A.,2373,No brand,,30-54668997-9,Not available,MACACHA GUEMES 515,Mendoza,MENDOZA,Premium gasoline over 95 octane,Own service stations,75.03124,109.2619,437.851,0.0,NO,0.0,,,
2022-09-01 0:00:00,"PAN AMERICAN ENERGY LLC, SUCURSAL ARGENTINA",9251,No brand,,30-69554247-6,Not available,"Av. Leandro N. Alem 1180, piso 11",Mendoza,MENDOZA,Diesel Grade 3,Public passenger transport,135.79,180.874,1.27,0.0,NO,0.0,,,
2022-09-01 0:00:00,"PAN AMERICAN ENERGY LLC, SUCURSAL ARGENTINA",9251,No brand,,30-69554247-6,Not available,"Av. Leandro N. Alem 1180, piso 11",Mendoza,MENDOZA,Diesel Grade 3,Other sectors,141.888,201.005,0.77,0.0,NO,0.0,,,
2022-09-01 0:00:00,SHELL COMPAÑIA ARGENTINA DE PETRÓLEO S.A.,3145,No brand,,30-50672680-4,Not available,AVDA. PTE. ROQUE SÁENZ PEÑA 788,Mendoza,MENDOZA,Diesel Grade 2,Resale to other service stations,93.52332,178.0405,1222.563,0.0,NO,0.0,,,
2022-09-01 0:00:00,TRAFIGURA ARGENTINA S.A.,8647,No brand,,30-70083497-9,Not available,Juana Manso 205 Piso 7,Mendoza,MENDOZA,Diesel Grade 3,Resale to other service stations,124.75,164.299,38.955,0.0,NO,0.0,,,
2022-09-01 0:00:00,YPF S.A.,2373,No brand,,30-54668997-9,Not available,MACACHA GUEMES 515,Mendoza,MENDOZA,Premium gasoline over 95 octane,Other sectors,91.18991,129.7632,272.32,0.0,NO,0.0,,,
2022-09-01 0:00:00,YPF S.A.,2373,No brand,,30-54668997-9,Not available,MACACHA GUEMES 515,Mendoza,MENDOZA,Premium gasoline over 95 octane,Own service stations,89.52142,128.7332,373.349,0.0,NO,0.0,,,
2022-09-01 0:00:00,YPF S.A.,2373,No brand,,30-54668997-9,Not available,MACACHA GUEMES 515,Mendoza,MENDOZA,Diesel Grade 2,Public passenger transport,111.3589,146.05,72.26263,0.0,NO,0.0,,,
2022-10-01 0:00:00,"PAN AMERICAN ENERGY LLC, SUCURSAL ARGENTINA",9251,No brand,,30-69554247-6,Not available,"Av. Leandro N. Alem 1180, piso 11",Mendoza,MENDOZA,Diesel Grade 2,Freight transport,128.315,175.836,25.6,0.0,NO,0.0,,,
2022-10-01 0:00:00,SHELL COMPAÑIA ARGENTINA DE PETRÓLEO S.A.,3145,No brand,,30-50672680-4,Not available,AVDA. PTE. ROQUE SÁENZ PEÑA 788,Mendoza,MENDOZA,Diesel Grade 3,Resale to other service stations,125.7658,282.4467,792.2098,0.0,NO,0.0,,,
2022-10-01 0:00:00,TRAFIGURA ARGENTINA S.A.,8647,No brand,,30-70083497-9,Not available,Juana Manso 205 Piso 7,Mendoza,MENDOZA,Premium gasoline over 95 octane,Resale to other service stations,94.875,139.847,26.944,0.0,NO,0.0,,,
2022-10-01 0:00:00,YPF S.A.,2373,No brand,,30-54668997-9,Not available,MACACHA GUEMES 515,Mendoza,MENDOZA,Premium gasoline over 95 octane,"Service stations, consignment",94.608,140.7685,536.531,0.0,NO,0.0,,,
2022-10-01 0:00:00,YPF S.A.,2373,No brand,,30-54668997-9,Not available,MACACHA GUEMES 515,Mendoza,MENDOZA,Diesel Grade 2,"Service stations, consignment",97.1945,137.8852,1443.865,0.0,NO,0.0,,,
2022-10-01 0:00:00,YPF S.A.,2373,No brand,,30-54668997-9,Not available,MACACHA GUEMES 515,Mendoza,MENDOZA,Jet fuel,"Commercial air transport, international",139.7568,139.7568,811.358,0.0,NO,0.0,,,
2022-11-01 0:00:00,"PAN AMERICAN ENERGY LLC, SUCURSAL ARGENTINA",9251,No brand,,30-69554247-6,Not available,"Av. Leandro N. Alem 1180, piso 11",Mendoza,MENDOZA,Diesel Grade 2,Resale to other service stations,111.889,151.95,107.5,0.0,NO,0.0,,,
2022-11-01 0:00:00,"PAN AMERICAN ENERGY LLC, SUCURSAL ARGENTINA",9251,No brand,,30-69554247-6,Not available,"Av. Leandro N. Alem 1180, piso 11",Mendoza,MENDOZA,Diesel Grade 2,Freight transport,134.048,182.241,25.06,0.0,NO,0.0,,,
2022-11-01 0:00:00,"PAN AMERICAN ENERGY LLC, SUCURSAL ARGENTINA",9251,No brand,,30-69554247-6,Not available,"Av. Leandro N. Alem 1180, piso 11",Mendoza,MENDOZA,Diesel Grade 3,Freight transport,173.536,241.758,0.57,0.0,NO,0.0,,,
2022-11-01 0:00:00,SHELL COMPAÑIA ARGENTINA DE PETRÓLEO S.A.,3145,No brand,,30-50672680-4,Not available,AVDA. PTE. ROQUE SÁENZ PEÑA 788,Mendoza,MENDOZA,Diesel Grade 2,Resale to other service stations,109.0972,208.0221,1209.427,0.0,NO,0.0,,,
2022-11-01 0:00:00,SHELL COMPAÑIA ARGENTINA DE PETRÓLEO S.A.,3145,No brand,,30-50672680-4,Not available,AVDA. PTE. ROQUE SÁENZ PEÑA 788,Mendoza,MENDOZA,Premium gasoline over 95 octane,Resale to other service stations,108.0596,280.7375,691.8467,0.0,NO,0.0,,,
2022-11-01 0:00:00,TRAFIGURA ARGENTINA S.A.,8647,No brand,,30-70083497-9,Not available,Juana Manso 205 Piso 7,Mendoza,MENDOZA,Diesel Grade 3,Resale to other service stations,146.304,194.083,40.604,0.0,NO,0.0,,,
2022-11-01 0:00:00,YPF S.A.,2373,No brand,,30-54668997-9,Not available,MACACHA GUEMES 515,Mendoza,MENDOZA,Super gasoline between 92 and 95 octane,"Service stations, consignment",81.64536,123.4148,1635.36,0.0,NO,0.0,,,
2022-11-01 0:00:00,YPF S.A.,2373,No brand,,30-54668997-9,Not available,MACACHA GUEMES 515,Mendoza,MENDOZA,Jet fuel,"Commercial air transport, international",166.4275,166.4275,984.779,0.0,NO,0.0,,,
2022-11-01 0:00:00,YPF S.A.,2373,No brand,,30-54668997-9,Not available,MACACHA GUEMES 515,Mendoza,MENDOZA,Jet fuel,"Commercial air transport, cabotage",163.8767,200.3773,2396.613,0.0,NO,0.0,,,
2022-11-01 0:00:00,YPF S.A.,2373,No brand,,30-54668997-9,Not available,MACACHA GUEMES 515,Mendoza,MENDOZA,Diesel Grade 2,Freight transport,130.1185,172.4081,85.48038,0.0,NO,0.0,,,
2022-11-01 0:00:00,YPF S.A.,2373,No brand,,30-54668997-9,Not available,MACACHA GUEMES 515,Mendoza,MENDOZA,Premium gasoline over 95 octane,Other sectors,99.52725,144.7697,257.965,0.0,NO,0.0,,,
2022-12-01 0:00:00,DELTAPATAGONIA SA,9629,No brand,,30-71537092-8,Wholesale marketer (bulk sale),Av. N. Alem 822 3A,Mendoza,MENDOZA,Super gasoline between 92 and 95 octane,"Service stations, storage and distribution",96.18,140.72,992.0,0.0,NO,0.0,,,
2022-12-01 0:00:00,DELTAPATAGONIA SA,9629,No brand,,30-71537092-8,Wholesale marketer (bulk sale),Av. N. Alem 822 3A,Mendoza,MENDOZA,Premium gasoline over 95 octane,"Service stations, storage and distribution",123.55,173.84,167.0,0.0,NO,0.0,,,
2022-12-01 0:00:00,"PAN AMERICAN ENERGY LLC, SUCURSAL ARGENTINA",9251,No brand,,30-69554247-6,Not available,"Av. Leandro N. Alem 1180, piso 11",Mendoza,MENDOZA,Diesel Grade 2,Other sectors,146.73,212.84,0.05,0.0,NO,0.0,,,
2022-12-01 0:00:00,"PAN AMERICAN ENERGY LLC, SUCURSAL ARGENTINA",9251,No brand,,30-69554247-6,Not available,"Av. Leandro N. Alem 1180, piso 11",Mendoza,MENDOZA,Diesel Grade 3,Other sectors,177.58,242.713,0.59,0.0,NO,0.0,,,
2022-12-01 0:00:00,SHELL COMPAÑIA ARGENTINA DE PETRÓLEO S.A.,3145,No brand,,30-50672680-4,Not available,AVDA. PTE. ROQUE SÁENZ PEÑA 788,Mendoza,MENDOZA,Diesel Grade 2,Resale to other service stations,113.0649,219.4418,1373.146,0.0,NO,0.0,,,
2022-12-01 0:00:00,TRAFIGURA ARGENTINA S.A.,8647,No brand,,30-70083497-9,Not available,Juana Manso 205 Piso 7,Mendoza,MENDOZA,Premium gasoline over 95 octane,Resale to other service stations,107.741,155.198,9.855,0.0,NO,0.0,,,
2022-12-01 0:00:00,TRAFIGURA ARGENTINA S.A.,8647,No brand,,30-70083497-9,Not available,Juana Manso 205 Piso 7,Mendoza,MENDOZA,Diesel Grade 2,Resale to other service stations,114.43,155.994,119.953,0.0,NO,0.0,,,
2022-12-01 0:00:00,YPF S.A.,2373,No brand,,30-54668997-9,Not available,MACACHA GUEMES 515,Mendoza,MENDOZA,Diesel Grade 3,Other sectors,143.2029,189.6125,454.238,0.0,NO,0.0,,,
2022/01,CARLOS HORACIO STURNIOLO,1680,ESSO PETROLERA ARGENTINA S.R.L,,20-06903545-1,Retail outlets (retail sale) Liquid fuels only,AV. SAN MARTIN 19,MENDOZA,MENDOZA,Diesel Grade 3,To the public,,,23.06,,NO,0.0,71.26,99.8,99.8
2022/01,CARLOS HORACIO STURNIOLO,1680,ESSO PETROLERA ARGENTINA S.R.L,,20-06903545-1,Retail outlets (retail sale) Liquid fuels only,AV. SAN MARTIN 19,MENDOZA,MENDOZA,Diesel Grade 2,To the public,,,16.8,,NO,0.0,62.83,89.6,89.6
2022/01,COMERCIAL ARGON S.A.,7729,ESSO PETROLERA ARGENTINA S.R.L,,30-62616984-4,Retail outlets (retail sale) Dual (liquid fuels + CNG),PERU 1310 ESQ. GUTIERREZ,MENDOZA,MENDOZA,Diesel Grade 2,To the public,,,99.23,,NO,0.0,59.979,86.149,91.5
2022/01,COMERCIAL ARGON S.A.,7729,ESSO PETROLERA ARGENTINA S.R.L,,30-62616984-4,Retail outlets (retail sale) Dual (liquid fuels + CNG),PERU 1310 ESQ. GUTIERREZ,MENDOZA,MENDOZA,Premium gasoline over 95 octane,To the public,,,70.6,,NO,0.0,71.401,105.818,106.8
2022/01,CORSAN S.A.,9396,SHELL C.A.P.S.A.,,30-71599891-9,Retail outlets (retail sale) Dual (liquid fuels + CNG),AV. MITRE 1802 ESQ. BARCALA,MENDOZA,MENDOZA,Diesel Grade 3,To the public,,,89.03,,NO,0.0,71.4539,100.0338,100.3
2022/01,CORSAN S.A.,9396,SHELL C.A.P.S.A.,,30-71599891-9,Retail outlets (retail sale) Dual (liquid fuels + CNG),AV. MITRE 1802 ESQ. BARCALA,MENDOZA,MENDOZA,Diesel Grade 3,Public passenger transport,,,2.05,,NO,0.0,69.8557,98.1,0.0
2022/01,DALLWYN SA,1350,YPF,,30-70478574-3,Retail outlets (retail sale) Dual (liquid fuels + CNG),SALTA 432,MENDOZA,MENDOZA, Compressed Natural Gas,To the public,,,45479.17,,NO,0.0,40.413,48.9,48.9
2022/01,DALVIAN S.A.,2771,SHELL C.A.P.S.A.,,30-54733781-2,Retail outlets (retail sale) Liquid fuels only,AV. CHAMPAGNAT 0001,MENDOZA,MENDOZA,Diesel Grade 3,To the public,,,63.65,,NO,0.0,71.32,100.3,100.3
2022/01,FLAMARIQUE GUILLERMO DANIEL,3725,SHELL C.A.P.S.A.,,20-10350534-9,Retail outlets (retail sale) Liquid fuels only,COLON 194 ESQ ESPAÑA CIUDAD,MENDOZA,MENDOZA,Diesel Grade 3,To the public,,,77.01,,NO,0.0,74.1532,103.3,103.3
2022/01,MENDOZA FUNDACIONAL S.A.,6816,YPF,,30-70918662-7,Retail outlets (retail sale) Dual (liquid fuels + CNG),CORONEL BELTRAN 634,MENDOZA,MENDOZA,Premium gasoline over 95 octane,To the public,,,97.73,,NO,0.0,69.926,101.909,105.2
2022/01,NADGAN SA,1543,YPF,28/2023/04,30-68933210-9,Retail outlets (retail sale) Liquid fuels only,JORGE A. CALLE 695,MENDOZA,MENDOZA,Diesel Grade 3,To the public,,,6.352,,NO,0.0,70.199,98.3,98.3
2022/01,OPESSA 5TA. SECCIÓN,6539,YPF,23/2007/11,30-67877449-5,Retail outlets (retail sale) Dual (liquid fuels + CNG),PASO DE LOS ANDES E/ANDRADE Y MENDOZA,MENDOZA,MENDOZA, Compressed Natural Gas,To the public,,,60152.0,,NO,0.0,39.539,47.981,48.089
2022/01,SUN GROUP INVESTMENTS S.A.,7951,SHELL C.A.P.S.A.,,33-71225112-9,Retail outlets (retail sale) Dual (liquid fuels + CNG),GARIBALDI 588,MENDOZA,MENDOZA,Premium gasoline over 95 octane,To the public,,,92.94,,NO,0.0,80.09,108.7,108.7
2022/01,SUN GROUP INVESTMENTS S.A.,7951,SHELL C.A.P.S.A.,,33-71225112-9,Retail outlets (retail sale) Dual (liquid fuels + CNG),GARIBALDI 588,MENDOZA,MENDOZA,Diesel Grade 2,To the public,,,33.81,,NO,0.0,67.49,89.3,89.3
2022/01,VIBRANIUM SAS,10811,BLANCA,,30-71726702-4,Retail outlets (retail sale) Dual (liquid fuels + CNG),SUIPACHA ESQUINA PASO DE LOS ANDES 701,MENDOZA,MENDOZA, Compressed Natural Gas,To the public,,,31124.68,,NO,0.0,40.488,48.99,48.99
2022/02,CARLOS HORACIO STURNIOLO,1680,ESSO PETROLERA ARGENTINA S.R.L,,20-06903545-1,Retail outlets (retail sale) Liquid fuels only,AV. SAN MARTIN 19,MENDOZA,MENDOZA,Premium gasoline over 95 octane,To the public,,,46.03,,NO,0.0,81.46,119.1,119.1
2022/02,CARLOS HORACIO STURNIOLO,1680,ESSO PETROLERA ARGENTINA S.R.L,,20-06903545-1,Retail outlets (retail sale) Liquid fuels only,AV. SAN MARTIN 19,MENDOZA,MENDOZA,Diesel Grade 2,To the public,,,13.27,,NO,0.0,69.85,98.1,98.1
2022/02,COMERCIAL ARGON S.A.,7729,ESSO PETROLERA ARGENTINA S.R.L,,30-62616984-4,Retail outlets (retail sale) Dual (liquid fuels + CNG),PERU 1310 ESQ. GUTIERREZ,MENDOZA,MENDOZA, Compressed Natural Gas,To the public,,,70034.0,,NO,0.0,44.603,53.97,53.97
2022/02,CORSAN S.A.,9396,SHELL C.A.P.S.A.,,30-71599891-9,Retail outlets (retail sale) Dual (liquid fuels + CNG),AV. MITRE 1802 ESQ. BARCALA,MENDOZA,MENDOZA,Diesel Grade 3,To the public,,,123.18,,NO,0.0,82.6064,113.5283,113.8
2022/02,DALVIAN S.A.,2771,SHELL C.A.P.S.A.,,30-54733781-2,Retail outlets (retail sale) Liquid fuels only,AV. CHAMPAGNAT 0001,MENDOZA,MENDOZA,Super gasoline between 92 and 95 octane,To the public,,,197.97,,NO,0.0,67.23,100.77,101.3
2022/02,ECO MAIPU SA,6518,YPF,,30-70930024-1,Retail outlets (retail sale) Dual (liquid fuels + CNG),mitre 538,MENDOZA,MENDOZA, Compressed Natural Gas,To the public,,,64908.0,,NO,0.0,42.37,51.27,53.97
2022/02,FLAMARIQUE GUILLERMO DANIEL,3725,SHELL C.A.P.S.A.,,20-10350534-9,Retail outlets (retail sale) Liquid fuels only,COLON 194 ESQ ESPAÑA CIUDAD,MENDOZA,MENDOZA,Super gasoline between 92 and 95 octane,To the public,,,152.5,,NO,0.0,67.4522,101.0404,101.3
2022/02,MENDOZA FUNDACIONAL S.A.,6816,YPF,,30-70918662-7,Retail outlets (retail sale) Dual (liquid fuels + CNG),CORONEL BELTRAN 634,MENDOZA,MENDOZA,Diesel Grade 2,To the public,,,34.19,,NO,0.0,65.666,93.019,93.4
2022/02,MENDOZA FUNDACIONAL S.A.,6816,YPF,,30-70918662-7,Retail outlets (retail sale) Dual (liquid fuels + CNG),CORONEL BELTRAN 634,MENDOZA,MENDOZA,Premium gasoline over 95 octane,To the public,,,93.53,,NO,0.0,77.551,113.049,117.3
2022/02,OPESSA 5TA. SECCIÓN,6539,YPF,23/2007/11,30-67877449-5,Retail outlets (retail sale) Dual (liquid fuels + CNG),PASO DE LOS ANDES E/ANDRADE Y MENDOZA,MENDOZA,MENDOZA, Compressed Natural Gas,To the public,,,64019.0,,NO,0.0,41.847,50.773,52.389
2022/02,OPESSA ACA MENDOZA,846,YPF,,30-67877449-5,Retail outlets (retail sale) Liquid fuels only,SAN MARTIN 958 Y AMIGORENA,MENDOZA,MENDOZA,Premium gasoline over 95 octane,To the public,,,186.43,,NO,0.0,75.919,111.491,111.294
2022/02,PARQUE COMBUSTIBLES S.A.,2857,YPF,,30-69960619-3,Retail outlets (retail sale) Dual (liquid fuels + CNG),JUAN B JUSTO 895,MENDOZA,MENDOZA,Super gasoline between 92 and 95 octane,To the public,,,238.87,,NO,0.0,65.862,99.117,99.4
2022/03,CARLOS HORACIO STURNIOLO,1680,ESSO PETROLERA ARGENTINA S.R.L,,20-06903545-1,Retail outlets (retail sale) Liquid fuels only,AV. SAN MARTIN 19,MENDOZA,MENDOZA,Diesel Grade 3,To the public,,,31.55,,NO,0.0,94.88,129.1,129.1
2022/03,COMPAÑIA PETROLERA COPSA SA,360,BLANCA,,30-66604945-0,Retail outlets (retail sale) Liquid fuels only,CORONEL DIAZ 399,MENDOZA,MENDOZA,Not Available,Not Available,,,0.0,,SI,,0.0,0.0,0.0
2022/03,CORSAN S.A.,9396,SHELL C.A.P.S.A.,,30-71599891-9,Retail outlets (retail sale) Dual (liquid fuels + CNG),AV. MITRE 1802 ESQ. BARCALA,MENDOZA,MENDOZA,Premium gasoline over 95 octane,To the public,,,109.01,,NO,0.0,90.5405,128.9774,136.4
2022/03,CORSAN S.A.,9396,SHELL C.A.P.S.A.,,30-71599891-9,Retail outlets (retail sale) Dual (liquid fuels + CNG),AV. MITRE 1802 ESQ. BARCALA,MENDOZA,MENDOZA,Diesel Grade 3,To the public,,,126.95,,NO,0.0,92.9586,126.0545,129.7
2022/03,MENDOZA FUNDACIONAL S.A.,6816,YPF,,30-70918662-7,Retail outlets (retail sale) Dual (liquid fuels + CNG),CORONEL BELTRAN 634,MENDOZA,MENDOZA,Diesel Grade 3,To the public,,,77.77,,NO,0.0,87.337,119.189,127.2
2022/03,MENDOZA FUNDACIONAL S.A.,6816,YPF,,30-70918662-7,Retail outlets (retail sale) Dual (liquid fuels + CNG),CORONEL BELTRAN 634,MENDOZA,MENDOZA, Compressed Natural Gas,To the public,,,61327.0,,NO,0.0,39.295,47.547,57.99
2022/03,NADGAN SA,1543,YPF,28/2023/04,30-68933210-9,Retail outlets (retail sale) Liquid fuels only,JORGE A. CALLE 695,MENDOZA,MENDOZA,Diesel Grade 2,To the public,,,5.39,,NO,0.0,71.177,99.483,104.6
2022/03,NADGAN SA,1543,YPF,28/2023/04,30-68933210-9,Retail outlets (retail sale) Liquid fuels only,JORGE A. CALLE 695,MENDOZA,MENDOZA,Diesel Grade 3,To the public,,,8.531,,NO,0.0,90.105,122.386,127.2
2022/03,OPESSA ACA MENDOZA,846,YPF,,30-67877449-5,Retail outlets (retail sale) Liquid fuels only,SAN MARTIN 958 Y AMIGORENA,MENDOZA,MENDOZA,Super gasoline between 92 and 95 octane,To the public,,,172.51,,NO,0.0,71.046,105.795,110.917
2022/03,PARQUE COMBUSTIBLES S.A.,2857,YPF,,30-69960619-3,Retail outlets (retail sale) Dual (liquid fuels + CNG),JUAN B JUSTO 895,MENDOZA,MENDOZA,Diesel Grade 2,To the public,,,36.993,,NO,0.0,71.439,100.73,104.6
2022/03,PARQUE COMBUSTIBLES S.A.,2857,YPF,,30-69960619-3,Retail outlets (retail sale) Dual (liquid fuels + CNG),JUAN B JUSTO 895,MENDOZA,MENDOZA,Premium gasoline over 95 octane,To the public,,,209.603,,NO,0.0,88.371,126.352,133.7
2022/03,SUN GROUP INVESTMENTS S.A.,7951,SHELL C.A.P.S.A.,,33-71225112-9,Retail outlets (retail sale) Dual (liquid fuels + CNG),GARIBALDI 588,MENDOZA,MENDOZA,Premium gasoline over 95 octane,To the public,,,99.66,,NO,0.0,97.69,129.91,138.4
2022/03,SUN GROUP INVESTMENTS S.A.,7951,SHELL C.A.P.S.A.,,33-71225112-9,Retail outlets (retail sale) Dual (liquid fuels + CNG),GARIBALDI 588,MENDOZA,MENDOZA,Super gasoline between 92 and 95 octane,To the public,,,129.51,,NO,0.0,81.55,110.47,114.8
2022/04,CARLOS HORACIO STURNIOLO,1680,ESSO PETROLERA ARGENTINA S.R.L,,20-06903545-1,Retail outlets (retail sale) Liquid fuels only,AV. SAN MARTIN 19,MENDOZA,MENDOZA,Diesel Grade 2,To the public,,,17.92,,NO,0.0,79.52,109.8,109.8
2022/04,COMERCIAL ARGON S.A.,7729,ESSO PETROLERA ARGENTINA S.R.L,,30-62616984-4,Retail outlets (retail sale) Dual (liquid fuels + CNG),PERU 1310 ESQ. GUTIERREZ,MENDOZA,MENDOZA,Diesel Grade 2,To the public,,,109.73,,NO,0.0,77.24,107.035,117.4
2022/04,COMERCIAL ARGON S.A.,7729,ESSO PETROLERA ARGENTINA S.R.L,,30-62616984-4,Retail outlets (retail sale) Dual (liquid fuels + CNG),PERU 1310 ESQ. GUTIERREZ,MENDOZA,MENDOZA,Nafta (común) hasta 92 Ron,To the public,,,162.25,,NO,0.0,75.238,111.565,114.4
2022/04,COMPAÑIA PETROLERA COPSA SA,360,BLANCA,,30-66604945-0,Retail outlets (retail sale) Liquid fuels only,CORONEL DIAZ 399,MENDOZA,MENDOZA,Not Available,Not Available,,,0.0,,SI,,0.0,0.0,0.0
2022/04,CORSAN S.A.,9396,SHELL C.A.P.S.A.,,30-71599891-9,Retail outlets (retail sale) Dual (liquid fuels + CNG),AV. MITRE 1802 ESQ. BARCALA,MENDOZA,MENDOZA,Diesel Grade 2,Freight transport,,,27.0,,NO,0.0,92.0752,125.7,0.0
2022/04,DALLWYN SA,1350,YPF,,30-70478574-3,Retail outlets (retail sale) Dual (liquid fuels + CNG),SALTA 432,MENDOZA,MENDOZA,Super gasoline between 92 and 95 octane,To the public,,,139.139,,NO,0.0,75.384,111.3,111.3
2022/04,MENDOZA FUNDACIONAL S.A.,6816,YPF,,30-70918662-7,Retail outlets (retail sale) Dual (liquid fuels + CNG),CORONEL BELTRAN 634,MENDOZA,MENDOZA,Diesel Grade 3,To the public,,,72.26,,NO,0.0,92.632,125.602,127.2
2022/04,NADGAN SA,1543,YPF,28/2023/04,30-68933210-9,Retail outlets (retail sale) Liquid fuels only,JORGE A. CALLE 695,MENDOZA,MENDOZA,Super gasoline between 92 and 95 octane,To the public,,,1.55,,NO,0.0,75.931,111.3,111.3
2022/04,OPESSA 5TA. SECCIÓN,6539,YPF,23/2007/11,30-67877449-5,Retail outlets (retail sale) Dual (liquid fuels + CNG),PASO DE LOS ANDES E/ANDRADE Y MENDOZA,MENDOZA,MENDOZA,Super gasoline between 92 and 95 octane,To the public,,,190.471,,NO,0.0,74.86852,111.079,110.9194
2022/04,PARQUE COMBUSTIBLES S.A.,2857,YPF,,30-69960619-3,Retail outlets (retail sale) Dual (liquid fuels + CNG),JUAN B JUSTO 895,MENDOZA,MENDOZA, Compressed Natural Gas,To the public,,,70418.09,,NO,1.0,47.521,57.5,57.5
2022/05,COMPAÑIA PETROLERA COPSA SA,298,BLANCA,,30-66604945-0,Retail outlets (retail sale) Dual (liquid fuels + CNG),SUIPACHA 701,MENDOZA,MENDOZA, Compressed Natural Gas,To the public,,,211403.4,,NO,0.0,49.758,59.99,62.99
2022/05,COMPAÑIA PETROLERA COPSA S.A.,7551,BLANCA,,30-66604945-0,Retail outlets (retail sale) Dual (liquid fuels + CNG),SAN MARTIN 2002,MENDOZA,MENDOZA, Compressed Natural Gas,To the public,,,372998.2,,NO,0.0,49.578,59.99,62.99
2022/05,CORSAN S.A.,9396,SHELL C.A.P.S.A.,,30-71599891-9,Retail outlets (retail sale) Dual (liquid fuels + CNG),AV. MITRE 1802 ESQ. BARCALA,MENDOZA,MENDOZA,Diesel Grade 2,Freight transport,,,11.0,,NO,0.0,114.0556,151.5818,0.0
2022/05,FLAMARIQUE GUILLERMO DANIEL,3725,SHELL C.A.P.S.A.,,20-10350534-9,Retail outlets (retail sale) Liquid fuels only,COLON 194 ESQ ESPAÑA CIUDAD,MENDOZA,MENDOZA,Diesel Grade 3,To the public,,,109.61,,NO,0.0,109.294,145.858,148.5
2022/05,SUN GROUP INVESTMENTS S.A.,7951,SHELL C.A.P.S.A.,,33-71225112-9,Retail outlets (retail sale) Dual (liquid fuels + CNG),GARIBALDI 588,MENDOZA,MENDOZA,Diesel Grade 2,To the public,,,69.65,,NO,0.0,95.996,123.79,124.9
2022/05,VIBRANIUM SAS,10811,BLANCA,,30-71726702-4,Retail outlets (retail sale) Dual (liquid fuels + CNG),SUIPACHA ESQUINA PASO DE LOS ANDES 701,MENDOZA,MENDOZA, Compressed Natural Gas,To the public,,,211403.4,,NO,0.0,52.057,62.99,62.99
2022/06,A.S.C. S.A.C.I.,3902,YPF,,30-53045117-4,Retail outlets (retail sale) Liquid fuels only,Peru 3008,MENDOZA,MENDOZA,Diesel Grade 2,To the public,,,45.5,,NO,0.0,91.5213,124.3154,132.3
2022/06,CARLOS HORACIO STURNIOLO,1680,BLANCA,,20-06903545-1,Retail outlets (retail sale) Liquid fuels only,AV. SAN MARTIN 19,MENDOZA,MENDOZA,Diesel Grade 2,To the public,,,14.14,,NO,0.0,90.52,123.1,123.1
2022/06,COMBES COMBUSTIBLES SA,7265,BLANCA,,30-70851007-2,Distributor (with trucks),MONTECASEROS 2771,MENDOZA,MENDOZA,Diesel Grade 2,Other sectors,,,176.075,,NO,0.0,119.658,160.113,0.0
2022/06,COMERCIAL ARGON S.A.,7729,AXION,,30-62616984-4,Retail outlets (retail sale) Dual (liquid fuels + CNG),PERU 1310 ESQ. GUTIERREZ,MENDOZA,MENDOZA,Diesel Grade 3,To the public,,,125.31,,NO,0.0,109.18,145.25,175.0
2022/06,CORSAN S.A.,9396,SHELL C.A.P.S.A.,,30-71599891-9,Retail outlets (retail sale) Dual (liquid fuels + CNG),AV. MITRE 1802 ESQ. BARCALA,MENDOZA,MENDOZA,Diesel Grade 2,Freight transport,,,107.0,,NO,0.0,140.813,183.8449,0.0
2022/06,CORSAN S.A.,9396,SHELL C.A.P.S.A.,,30-71599891-9,Retail outlets (retail sale) Dual (liquid fuels + CNG),AV. MITRE 1802 ESQ. BARCALA,MENDOZA,MENDOZA,Diesel Grade 3,To the public,,,91.88,,NO,0.0,120.9559,159.8982,182.9
2022/06,CORSAN S.A.,9396,SHELL C.A.P.S.A.,,30-71599891-9,Retail outlets (retail sale) Dual (liquid fuels + CNG),AV. MITRE 1802 ESQ. BARCALA,MENDOZA,MENDOZA,Diesel Grade 2,To the public,,,65.2,,NO,0.0,95.3757,128.9422,143.9
2022/06,DALVIAN S.A.,2771,SHELL C.A.P.S.A.,,30-54733781-2,Retail outlets (retail sale) Liquid fuels only,AV. CHAMPAGNAT 0001,MENDOZA,MENDOZA,Diesel Grade 3,To the public,,,59.06,,NO,0.0,126.64,166.81,182.92
2022/06,MENDOZA FUNDACIONAL S.A.,6816,YPF,,30-70918662-7,Retail outlets (retail sale) Dual (liquid fuels + CNG),CORONEL BELTRAN 634,MENDOZA,MENDOZA, Compressed Natural Gas,To the public,,,61505.0,,NO,0.0,48.812,59.063,67.99
2022/06,PARQUE COMBUSTIBLES S.A.,2857,YPF,,30-69960619-3,Retail outlets (retail sale) Dual (liquid fuels + CNG),JUAN B JUSTO 895,MENDOZA,MENDOZA, Compressed Natural Gas,To the public,,,70452.95,,NO,1.0,53.412,64.628,67.5
2022/06,SUN GROUP INVESTMENTS S.A.,7951,SHELL C.A.P.S.A.,,33-71225112-9,Retail outlets (retail sale) Dual (liquid fuels + CNG),GARIBALDI 588,MENDOZA,MENDOZA,Diesel Grade 2,To the public,,,95.52,,NO,0.0,104.71,134.34,143.9
2022/07,A.S.C. S.A.C.I.,3902,YPF,,30-53045117-4,Retail outlets (retail sale) Liquid fuels only,Peru 3008,MENDOZA,MENDOZA,Diesel Grade 2,To the public,,,58.5,,NO,0.0,99.2049,133.6006,132.3
2022/07,COMPAÑIA PETROLERA COPSA SA,360,BLANCA,,30-66604945-0,Retail outlets (retail sale) Liquid fuels only,CORONEL DIAZ 399,MENDOZA,MENDOZA,Not Available,Not Available,,,0.0,,SI,,0.0,0.0,0.0
2022/07,CORSAN S.A.,9396,SHELL C.A.P.S.A.,,30-71599891-9,Retail outlets (retail sale) Dual (liquid fuels + CNG),AV. MITRE 1802 ESQ. BARCALA,MENDOZA,MENDOZA,Diesel Grade 3,Agriculture,,,13.0,,NO,0.0,169.2418,218.0,0.0
2022/07,DALLWYN SA,1350,YPF,,30-70478574-3,Retail outlets (retail sale) Dual (liquid fuels + CNG),SALTA 432,MENDOZA,MENDOZA,Diesel Grade 3,To the public,,,64.794,,NO,0.0,133.616,175.0,175.0
2022/07,DALVIAN S.A.,2771,SHELL C.A.P.S.A.,,30-54733781-2,Retail outlets (retail sale) Liquid fuels only,AV. CHAMPAGNAT 0001,MENDOZA,MENDOZA,Diesel Grade 3,To the public,,,78.92,,NO,0.0,140.13,182.9,182.9
2022/07,FLAMARIQUE GUILLERMO DANIEL,3725,SHELL C.A.P.S.A.,,20-10350534-9,Retail outlets (retail sale) Liquid fuels only,COLON 194 ESQ ESPAÑA CIUDAD,MENDOZA,MENDOZA,Super gasoline between 92 and 95 octane,To the public,,,160.69,,NO,0.0,91.9667,130.8,130.8
2022/07,FLAMARIQUE GUILLERMO DANIEL,3725,SHELL C.A.P.S.A.,,20-10350534-9,Retail outlets (retail sale) Liquid fuels only,COLON 194 ESQ ESPAÑA CIUDAD,MENDOZA,MENDOZA,Diesel Grade 2,To the public,,,24.06,,NO,0.0,107.9857,143.9,143.9
2022/07,OPESSA 5TA. SECCIÓN,6539,YPF,23/2007/11,30-67877449-5,Retail outlets (retail sale) Dual (liquid fuels + CNG),PASO DE LOS ANDES E/ANDRADE Y MENDOZA,MENDOZA,MENDOZA,Premium gasoline over 95 octane,To the public,,,160.59,,NO,0.0,102.283,143.99,144.49
2022/07,OPESSA 5TA. SECCIÓN,6539,YPF,23/2007/11,30-67877449-5,Retail outlets (retail sale) Dual (liquid fuels + CNG),PASO DE LOS ANDES E/ANDRADE Y MENDOZA,MENDOZA,MENDOZA,Super gasoline between 92 and 95 octane,To the public,,,205.34,,NO,0.0,82.569,122.677,122.558
2022/07,PARQUE COMBUSTIBLES S.A.,2857,YPF,,30-69960619-3,Retail outlets (retail sale) Dual (liquid fuels + CNG),JUAN B JUSTO 895,MENDOZA,MENDOZA,Diesel Grade 3,To the public,,,96.253,,NO,0.0,133.797,175.0,175.0
2022/08,A.S.C. S.A.C.I.,3902,YPF,,30-53045117-4,Retail outlets (retail sale) Liquid fuels only,Peru 3008,MENDOZA,MENDOZA,Diesel Grade 2,To the public,,,43.5,,NO,0.0,98.4788,133.0197,143.0
2022/08,COMERCIAL ARGON S.A.,7729,AXION,,30-62616984-4,Retail outlets (retail sale) Dual (liquid fuels + CNG),PERU 1310 ESQ. GUTIERREZ,MENDOZA,MENDOZA,Super gasoline between 92 and 95 octane,To the public,,,161.92,,NO,0.0,90.185,128.547,138.9
2022/08,CORSAN S.A.,9396,SHELL C.A.P.S.A.,,30-71599891-9,Retail outlets (retail sale) Dual (liquid fuels + CNG),AV. MITRE 1802 ESQ. BARCALA,MENDOZA,MENDOZA,Diesel Grade 2,Other sectors,,,110.5,,NO,0.0,134.9712,176.5326,0.0
2022/08,DALLWYN SA,1350,YPF,,30-70478574-3,Retail outlets (retail sale) Dual (liquid fuels + CNG),SALTA 432,MENDOZA,MENDOZA,Diesel Grade 2,To the public,,,51.386,,NO,0.0,100.732,135.508,143.0
2022/08,LIBERTADOR S.A.,2403,BLANCA,,30-69473270-0,Retail outlets (retail sale) CNG only,PERÚ 2822,MENDOZA,MENDOZA, Compressed Natural Gas,To the public,,,91637.0,,NO,0.0,57.85,70.0,70.0
2022/08,OPESSA ACA MENDOZA,846,YPF,,30-67877449-5,Retail outlets (retail sale) Liquid fuels only,SAN MARTIN 958 Y AMIGORENA,MENDOZA,MENDOZA,Diesel Grade 3,To the public,,,115.42,,NO,0.0,134.945,175.012,188.999
2022/08,PARQUE COMBUSTIBLES S.A.,2857,YPF,,30-69960619-3,Retail outlets (retail sale) Dual (liquid fuels + CNG),JUAN B JUSTO 895,MENDOZA,MENDOZA,Diesel Grade 3,To the public,,,95.185,,NO,0.0,138.194,180.075,189.0
2022/08,PARQUE COMBUSTIBLES S.A.,2857,YPF,,30-69960619-3,Retail outlets (retail sale) Dual (liquid fuels + CNG),JUAN B JUSTO 895,MENDOZA,MENDOZA,Super gasoline between 92 and 95 octane,To the public,,,288.42,,NO,0.0,89.338,127.522,135.8
2022/08,PARQUE COMBUSTIBLES S.A.,2857,YPF,,30-69960619-3,Retail outlets (retail sale) Dual (liquid fuels + CNG),JUAN B JUSTO 895,MENDOZA,MENDOZA, Compressed Natural Gas,To the public,,,72265.91,,NO,1.0,57.254,69.277,69.99
2022/08,SUN GROUP INVESTMENTS S.A.,7951,SHELL C.A.P.S.A.,,33-71225112-9,Retail outlets (retail sale) Dual (liquid fuels + CNG),GARIBALDI 588,MENDOZA,MENDOZA,Diesel Grade 3,To the public,,,70.36,,NO,0.0,147.89,186.59,194.3
2022/09,COMERCIAL ARGON S.A.,7729,AXION,,30-62616984-4,Retail outlets (retail sale) Dual (liquid fuels + CNG),PERU 1310 ESQ. GUTIERREZ,MENDOZA,MENDOZA,Premium gasoline over 95 octane,To the public,,,80.46,,NO,0.0,122.968,168.214,169.9
2022/09,COMERCIAL ARGON S.A.,7729,AXION,,30-62616984-4,Retail outlets (retail sale) Dual (liquid fuels + CNG),PERU 1310 ESQ. GUTIERREZ,MENDOZA,MENDOZA,Super gasoline between 92 and 95 octane,To the public,,,168.97,,NO,0.0,95.994,135.576,139.2
2022/09,COMERCIAL ARGON S.A.,7729,AXION,,30-62616984-4,Retail outlets (retail sale) Dual (liquid fuels + CNG),PERU 1310 ESQ. GUTIERREZ,MENDOZA,MENDOZA, Compressed Natural Gas,To the public,,,79976.72,,NO,0.0,58.446,70.72,74.87
2022/09,CORSAN S.A.,9396,SHELL C.A.P.S.A.,,30-71599891-9,Retail outlets (retail sale) Dual (liquid fuels + CNG),AV. MITRE 1802 ESQ. BARCALA,MENDOZA,MENDOZA,Premium gasoline over 95 octane,To the public,,,133.13,,NO,0.0,123.4966,168.8542,168.9
2022/09,CORSAN S.A.,9396,SHELL C.A.P.S.A.,,30-71599891-9,Retail outlets (retail sale) Dual (liquid fuels + CNG),AV. MITRE 1802 ESQ. BARCALA,MENDOZA,MENDOZA,Diesel Grade 3,To the public,,,91.82,,NO,0.0,149.1078,193.8472,194.3
2022/09,DALLWYN SA,1350,YPF,,30-70478574-3,Retail outlets (retail sale) Dual (liquid fuels + CNG),SALTA 432,MENDOZA,MENDOZA,Diesel Grade 3,To the public,,,74.816,,NO,0.0,145.338,189.009,204.3
2022/09,DALVIAN S.A.,2771,SHELL C.A.P.S.A.,,30-54733781-2,Retail outlets (retail sale) Liquid fuels only,AV. CHAMPAGNAT 0001,MENDOZA,MENDOZA,Diesel Grade 3,To the public,,,88.87,,NO,0.0,149.45,194.3,194.3
2022/09,DALVIAN S.A.,2771,SHELL C.A.P.S.A.,,30-54733781-2,Retail outlets (retail sale) Liquid fuels only,AV. CHAMPAGNAT 0001,MENDOZA,MENDOZA,Premium gasoline over 95 octane,To the public,,,128.4,,NO,0.0,123.53,168.9,168.9
2022/09,MENDOZA FUNDACIONAL S.A.,6816,YPF,,30-70918662-7,Retail outlets (retail sale) Dual (liquid fuels + CNG),CORONEL BELTRAN 634,MENDOZA,MENDOZA,Premium gasoline over 95 octane,To the public,,,95.65,,NO,0.0,116.079,159.607,166.0
2022/09,OPESSA ACA MENDOZA,846,YPF,,30-67877449-5,Retail outlets (retail sale) Liquid fuels only,SAN MARTIN 958 Y AMIGORENA,MENDOZA,MENDOZA,Premium gasoline over 95 octane,To the public,,,208.61,,NO,0.0,114.7742,158.3743,159.7541
2022/09,PARQUE COMBUSTIBLES S.A.,2857,YPF,,30-69960619-3,Retail outlets (retail sale) Dual (liquid fuels + CNG),JUAN B JUSTO 895,MENDOZA,MENDOZA,Premium gasoline over 95 octane,To the public,,,211.812,,NO,0.0,121.138,166.0,166.0
2022/10,COMBES COMBUSTIBLES SA,7265,BLANCA,,30-70851007-2,Distributor (with trucks),MONTECASEROS 2771,MENDOZA,MENDOZA,Diesel Grade 3,Other sectors,,,344.585,,NO,0.0,116.776,155.58,0.0
2022/10,COMERCIAL ARGON S.A.,7729,AXION,,30-62616984-4,Retail outlets (retail sale) Dual (liquid fuels + CNG),PERU 1310 ESQ. GUTIERREZ,MENDOZA,MENDOZA,Super gasoline between 92 and 95 octane,To the public,,,160.4,,NO,0.0,101.114,146.69,148.2
2022/10,COMERCIAL ARGON S.A.,7729,AXION,,30-62616984-4,Retail outlets (retail sale) Dual (liquid fuels + CNG),PERU 1310 ESQ. GUTIERREZ,MENDOZA,MENDOZA,Premium gasoline over 95 octane,To the public,,,86.53,,NO,0.0,128.265,179.542,181.3
2022/10,COMERCIAL ARGON S.A.,7729,AXION,,30-62616984-4,Retail outlets (retail sale) Dual (liquid fuels + CNG),PERU 1310 ESQ. GUTIERREZ,MENDOZA,MENDOZA, Compressed Natural Gas,To the public,,,80622.78,,NO,0.0,66.008,79.87,79.87
2022/10,CORSAN S.A.,9396,SHELL C.A.P.S.A.,,30-71599891-9,Retail outlets (retail sale) Dual (liquid fuels + CNG),AV. MITRE 1802 ESQ. BARCALA,MENDOZA,MENDOZA,Premium gasoline over 95 octane,Other sectors,,,10.0,,NO,0.0,120.3788,170.0,0.0
2022/10,CORSAN S.A.,9396,SHELL C.A.P.S.A.,,30-71599891-9,Retail outlets (retail sale) Dual (liquid fuels + CNG),AV. MITRE 1802 ESQ. BARCALA,MENDOZA,MENDOZA,Diesel Grade 2,Other sectors,,,4.85,,NO,0.0,124.2446,166.9,0.0
2022/10,DALLWYN SA,1350,YPF,,30-70478574-3,Retail outlets (retail sale) Dual (liquid fuels + CNG),SALTA 432,MENDOZA,MENDOZA,Super gasoline between 92 and 95 octane,To the public,,,157.745,,NO,0.0,99.036,143.9,143.9
2022/10,DALVIAN S.A.,2771,SHELL C.A.P.S.A.,,30-54733781-2,Retail outlets (retail sale) Liquid fuels only,AV. CHAMPAGNAT 0001,MENDOZA,MENDOZA,Super gasoline between 92 and 95 octane,To the public,,,244.08,,NO,0.0,103.79,149.23,149.4
2022/10,MENDOZA FUNDACIONAL S.A.,6816,YPF,,30-70918662-7,Retail outlets (retail sale) Dual (liquid fuels + CNG),CORONEL BELTRAN 634,MENDOZA,MENDOZA, Compressed Natural Gas,To the public,,,59173.0,,NO,0.0,55.097,66.667,79.99
2022/10,OPESSA ACA MENDOZA,846,YPF,,30-67877449-5,Retail outlets (retail sale) Liquid fuels only,SAN MARTIN 958 Y AMIGORENA,MENDOZA,MENDOZA,Premium gasoline over 95 octane,To the public,,,203.59,,NO,0.0,119.024,168.633,169.41
2022/10,OPESSA ACA MENDOZA,846,YPF,,30-67877449-5,Retail outlets (retail sale) Liquid fuels only,SAN MARTIN 958 Y AMIGORENA,MENDOZA,MENDOZA,Diesel Grade 3,To the public,,,109.57,,NO,0.0,151.173,199.953,200.595
2022/11,A.S.C. S.A.C.I.,3902,YPF,,30-53045117-4,Retail outlets (retail sale) Liquid fuels only,Peru 3008,MENDOZA,MENDOZA,Premium gasoline over 95 octane,To the public,,,126.3,,NO,0.0,127.2193,178.2771,187.4
2022/11,COMERCIAL ARGON S.A.,7729,AXION,,30-62616984-4,Retail outlets (retail sale) Dual (liquid fuels + CNG),PERU 1310 ESQ. GUTIERREZ,MENDOZA,MENDOZA,Diesel Grade 2,To the public,,,41.26,,NO,0.0,135.627,180.673,183.3
2022/11,COMERCIAL ARGON S.A.,7729,AXION,,30-62616984-4,Retail outlets (retail sale) Dual (liquid fuels + CNG),PERU 1310 ESQ. GUTIERREZ,MENDOZA,MENDOZA,Premium gasoline over 95 octane,To the public,,,81.62,,NO,0.0,137.307,190.484,192.8
2022/11,OPESSA ACA MENDOZA,846,YPF,,30-67877449-5,Retail outlets (retail sale) Liquid fuels only,SAN MARTIN 958 Y AMIGORENA,MENDOZA,MENDOZA,Premium gasoline over 95 octane,To the public,,,202.05,,NO,0.0,127.346,178.664,172.524
2022/11,PARQUE COMBUSTIBLES S.A.,2857,YPF,,30-69960619-3,Retail outlets (retail sale) Dual (liquid fuels + CNG),JUAN B JUSTO 895,MENDOZA,MENDOZA,Diesel Grade 2,To the public,,,30.387,,NO,0.0,123.872,166.36,167.7
2022/12,A.S.C. S.A.C.I.,3902,YPF,,30-53045117-4,Retail outlets (retail sale) Liquid fuels only,Peru 3008,MENDOZA,MENDOZA,Diesel Grade 3,To the public,,,64.5,,NO,0.0,178.03,231.467,234.9
2022/12,COMBES COMBUSTIBLES SA,7265,BLANCA,,30-70851007-2,Distributor (with trucks),MONTECASEROS 2771,MENDOZA,MENDOZA,Diesel Grade 2,Other sectors,,,182.0,,NO,0.0,138.6,185.0,0.0
2022/12,CORSAN S.A.,9396,SHELL C.A.P.S.A.,,30-71599891-9,Retail outlets (retail sale) Dual (liquid fuels + CNG),AV. MITRE 1802 ESQ. BARCALA,MENDOZA,MENDOZA,Super gasoline between 92 and 95 octane,Other sectors,,,27.0,,NO,0.0,111.0399,158.7,0.0
2022/12,DALLWYN SA,1350,YPF,,30-70478574-3,Retail outlets (retail sale) Dual (liquid fuels + CNG),SALTA 432,MENDOZA,MENDOZA,Diesel Grade 3,To the public,,,59.536,,NO,0.0,179.406,233.645,234.9
2022/12,OPESSA ACA MENDOZA,846,YPF,,30-67877449-5,Retail outlets (retail sale) Liquid fuels only,SAN MARTIN 958 Y AMIGORENA,MENDOZA,MENDOZA,Premium gasoline over 95 octane,To the public,,,211.51,,NO,0.0,136.527,189.769,187.965
2022/12,PARQUE COMBUSTIBLES S.A.,2857,YPF,,30-69960619-3,Retail outlets (retail sale) Dual (liquid fuels + CNG),JUAN B JUSTO 895,MENDOZA,MENDOZA,Diesel Grade 2,To the public,,,37.281,,NO,0.0,130.191,174.006,174.9
